aa_feature_pos,n_substitutions,Cum_Importance,col
1,1,0.000390786,#010005
2,3,0.000802608,#010107
3,6,0.002476387,#030310
5,3,0.003963254,#060519
6,10,0.003942517,#060519
7,3,0.001200907,#010109
8,5,0.000245693,#010004
9,3,0.001360052,#02010A
10,1,0.001082774,#010108
11,1,0.000622499,#010106
15,1,3.52E-05,#000004
20,1,5.31E-05,#000004
21,3,0.00038423,#010005
25,5,0.01127119,#1F114A
29,1,0.000297142,#010005
31,3,0.002848531,#040312
32,1,1.01E-05,#000004
33,1,0.000461581,#010005
34,1,0.001511979,#02010A
38,1,0.001812277,#02020C
45,6,0.001763989,#02020C
46,3,0.004404488,#07061C
47,1,0.000285587,#010004
48,6,0.004058263,#06051A
49,3,0.001679936,#02020B
50,6,0.011361689,#1F114B
51,2,0.000400869,#010005
53,3,0.002987848,#040313
54,3,0.000577678,#010106
56,1,0.000849197,#010107
57,3,0.001325958,#010109
58,3,0.000713228,#010106
62,6,0.010603037,#1C1145
63,1,3.50E-06,#000004
69,1,0.000140782,#000004
75,3,0.024423783,#5E177F
78,9,0.003383723,#050416
79,1,0.000704881,#010106
80,1,0.000283931,#010004
81,1,0.000228868,#010004
82,14,0.005713786,#0B0924
83,10,0.004300307,#07061B
88,1,0.000897846,#010107
91,1,0.000304429,#010005
92,3,0.006640187,#0E0B2A
93,1,0.000164329,#000004
94,3,0.002134507,#03020E
95,1,0.000511894,#010005
96,1,0.000199593,#000004
101,3,0.01339506,#281159
105,1,0.000393664,#010005
106,3,0.001763585,#02020C
107,1,0.001736837,#02020C
111,1,0.00256987,#030311
112,3,0.002217581,#03020F
114,1,0.00027362,#010004
117,3,0.002072869,#02020E
118,1,0.001362421,#02010A
119,1,0.002046167,#02020E
121,6,0.006306272,#0D0A28
122,10,0.003933728,#060519
124,15,0.00351919,#050416
126,3,0.000777103,#010106
128,6,0.001566866,#02010B
131,15,0.006125054,#0C0927
133,10,0.015168923,#311165
135,15,0.005464331,#0A0823
137,21,0.019817976,#481078
138,3,0.006685635,#0E0B2A
140,6,0.005102905,#090720
142,15,0.008894786,#160F39
143,1,0.000308463,#010005
144,36,0.015400138,#321066
145,3,0.085865238,#FCFDBF
146,1,0.000526684,#010005
149,1,0.00070234,#010106
150,1,0.000842656,#010107
155,6,0.009023383,#160F3A
156,21,0.013631794,#29115B
157,3,0.001486197,#02010A
158,10,0.012519698,#241253
159,15,0.011900023,#21114F
160,10,0.007503442,#110C30
163,6,0.004149841,#07051A
164,1,0.001904319,#02020D
165,5,0.001608012,#02020B
167,5,0.000759008,#010106
168,1,0.000478885,#010005
169,1,4.74E-05,#000004
171,2,0.0001118,#000004
172,6,0.006188432,#0D0A27
173,9,0.005478179,#0A0823
175,1,0.002938684,#040313
177,1,0.000116514,#000004
179,1,0.000287736,#010004
182,1,0.000948626,#010107
183,1,0.000842563,#010107
185,1,0.0012428,#010109
186,15,0.007103812,#100B2D
187,1,0.000673754,#010106
188,3,0.0011118,#010108
189,21,0.020416918,#4B117A
190,1,0.001617747,#02020B
192,3,0.002521703,#030310
193,21,0.008359594,#140E36
194,1,0.001169485,#010108
196,6,0.008835064,#160E39
197,5,0.001298291,#010109
198,6,0.001481509,#02010A
199,6,0.002471885,#030310
201,5,0.001534455,#02010B
202,1,0.054404678,#E85462
203,6,0.003665933,#050517
204,1,0.000586767,#010106
207,3,0.00067712,#010106
208,12,0.001177025,#010108
209,2,0.000456029,#010005
210,3,0.000627148,#010106
212,1,0.00079831,#010107
213,1,0.00048743,#010005
214,6,0.002129808,#03020E
215,1,0.000253966,#010004
216,3,0.000530562,#010005
217,1,0.002403617,#030310
219,1,0.000940223,#010107
220,7,0.003349035,#050415
222,1,0.051511271,#DE4968
223,3,0.002426352,#030310
224,1,0.000133453,#000004
225,3,0.001460114,#02010A
226,6,0.003409217,#050416
227,3,0.004016385,#06051A
228,1,0.00065363,#010106
229,6,0.005257231,#0A0821
230,1,0.00034393,#010005
233,1,0.000907911,#010107
238,1,0.000148256,#000004
239,1,0.000622916,#010106
242,2,0.003001878,#040313
244,3,0.001041068,#010108
246,3,0.002099525,#03020E
247,1,5.56E-05,#000004
248,3,0.000812322,#010107
250,1,5.23E-05,#000004
259,3,0.000226936,#010004
260,3,0.000699594,#010106
261,3,0.002970817,#040313
262,6,0.004774659,#08071E
263,3,0.002711335,#040312
264,3,0.000355959,#010005
265,1,0.000409035,#010005
269,1,0.0001055,#000004
271,1,0.000268096,#010004
272,1,0.003015396,#040313
273,10,0.00496112,#09071F
275,6,0.004100451,#06051A
276,10,0.006053769,#0C0926
278,15,0.0021764,#03020E
279,3,0.000536743,#010005
280,1,0.000149063,#000004
281,1,6.26E-05,#000004
282,3,0.00087729,#010107
287,1,0.000240471,#010004
289,1,0.009228821,#170F3C
290,1,0.000364945,#010005
291,1,0.000377062,#010005
292,1,5.59E-05,#000004
299,1,0.001591112,#02020B
300,1,0.000290928,#010004
302,1,9.12E-06,#000004
304,3,0.000498092,#010005
307,1,0.00073518,#010106
309,1,0.000995565,#010108
310,1,0.000152546,#000004
311,1,0.001166037,#010108
312,3,0.001527735,#02010B
323,1,0.000202028,#000004
326,1,0.000279104,#010004
327,1,2.38E-05,#000004
328,2,0.001008221,#010108
329,1,5.64E-05,#000004
