"","matrix.nrow...nrow.hiData..","A.BANGKOK.01.1979","A.BEIJING.32.1992","A.FUJIAN.411.2002","A.WISCONSIN.67.2005","A.BRISBANE.10.2007","A.PERTH.16.2009","A.VICTORIA.361.2011","A.SWITZERLAND.9715293.2013","A.HONGKONG.4801.2014","A.SWINE.NEWYORK.A01104005.2011","A.SWINE.IOWA.A01480656.2014","A.SWINE.MISSOURI.A01410819.2014","A.WUHAN.359.1995","A.SWINE.TEXAS.4199.2.1998","A.SWINE.MINNESOTA.02782.2009","A.SWINE.INDIANA.A01729045.2016","A.SWINE.ALBERTA.SD0038.2014","A.SWINE.ALBERTA.SD0049.2014","A.SWINE.SASKATCHEWAN.SD0059.2014","A.SWINE.SASKATCHEWAN.SD0065.2014","A.SWINE.SASKATCHEWAN.SD0069.2015","A.VICTORIA.3.1975","A.PHILIPPINES.2.1982","A.SICHUAN.02.1987","A.PORTCHALMERS.1.1973","A.TURKEY.OHIO.313053.2004","A.SWINE.INDIANA.A01202866.2011","A.TEXAS.1.1977","A.LENINGRAD.360.1986","A.SHANGHAI.11.1987","A.BEIJING.353.1989","A.SYDNEY.5.1997","A.MOSCOW.10.1999","A.SWINE.TEXAS.4199.1.1998","A.SWINE.COLORADO.23619.1999","A.SWINE.MINNESOTA.1146.2006","A.SWINE.IOWA.1700.2007","A.SWINE.MINNESOTA.2782.2009","A.SWINE.ILLINOIS.2970.2009","A.INDIANA.8.2011","A.SWINE.INDIANA.A00968373.2012","A.SWINE.ILLINOIS.A01201606.2011","A.SWINE.IOWA.A01202613.2011","A.SWINE.IOWA.A01049750.2011","A.SWINE.TEXAS.A01049914.2011","A.SWINE.MICHIGAN.A01432375.2013","A.SWINE.IOWA.A01432500.2013","A.SWINE.MINNESOTA.A01432544.2013","A.SWINE.MINNESOTA.A01280592.2013","A.SWINE.WYOMING.A01444562.2013"
"1","A/BANGKOK/01/1979",0,NA,6.6667565918848,7.81538329581354,7.03809592468451,6.58571370877816,7.92461458947681,7.16691625156997,5.58496250072116,4.2744809324849,4.77362406474506,6.96928372501598,4.83289001416474,NA,NA,NA,NA,NA,NA,NA,NA,4.73696559416621,1.67807190511264,2.41503749927884,4.58496250072116,NA,NA,2.26303440583379,2.26303440583379,3,4,5.93663793900257,5.4998458870832,NA,NA,NA,NA,NA,NA,NA,NA,NA,NA,NA,NA,NA,NA,NA,NA,NA
"2","A/BEIJING/32/1992",4.77214959078454,0,6.90122184552183,NA,NA,7.58571370877817,7.50957709019796,7.26645192512089,6,3.58583978566208,5.05373198393779,NA,2.24792751344359,NA,NA,NA,NA,NA,NA,NA,NA,6.32192809488736,5,0.415037499278843,NA,NA,NA,5.58496250072116,2,1,3.73696559416621,7.52160043972373,6.4998458870832,NA,NA,NA,NA,NA,NA,NA,NA,NA,NA,NA,NA,NA,NA,NA,NA,NA
"3","A/FUJIAN/411/2002",NA,3.28540221886225,0,2.69229654483248,1.86217218262076,3.64554695829535,3.83715174822647,2.81406358348771,5.58496250072116,NA,NA,0.787953960301419,4.24792751344359,NA,NA,NA,NA,NA,NA,NA,NA,NA,NA,NA,NA,NA,NA,NA,NA,3,NA,NA,3.81427944542364,NA,NA,NA,NA,8.28606264233036,NA,NA,7.32192809488736,NA,7.31927364144138,NA,NA,NA,NA,NA,NA,NA
"4","A/WISCONSIN/67/2005",5.00661484442157,3.33786963875638,1.9621612442524,0,0.195117092896188,1.58571370877817,1.97975614366927,2.81406358348771,4.58496250072116,NA,NA,2.12200261854562,0.895074845361323,NA,NA,NA,NA,NA,NA,NA,NA,4.73696559416621,6.41503749927884,4,4.58496250072116,NA,NA,4,4,2,5.73696559416621,NA,3.31397934177187,NA,NA,NA,7.59938156063412,8.7714894695006,NA,NA,NA,NA,7.08480838780436,NA,NA,NA,NA,NA,NA,NA
"5","A/BRISBANE/10/2007",NA,3.77082904603249,4.06387218316638,1.77756183037857,0,3.58571370877816,3.66659825840964,4.9342554947797,4.58496250072116,NA,NA,5.13278245729886,2.71187461320338,NA,NA,NA,NA,NA,NA,NA,NA,5.32192809488736,6.41503749927884,4.41503749927884,4.58496250072116,NA,NA,5.58496250072116,4,4.58496250072116,5.32192809488736,NA,5.4998458870832,NA,NA,NA,NA,NA,NA,NA,NA,NA,NA,NA,NA,NA,NA,NA,NA,NA
"6","A/PERTH/16/2009",NA,4.5077946401987,6.03448837638529,3.87521654533072,1.03809592468451,0,0.593100445760248,2.42995065740377,4,NA,NA,5.45471055218622,5.3474631869945,NA,NA,NA,NA,NA,NA,NA,NA,NA,NA,5,NA,NA,NA,NA,4.58496250072116,NA,6.32192809488736,NA,6.59938156063412,NA,NA,NA,7.08480838780436,NA,NA,6.58496250072116,3,4.09953567355091,4.26207823985984,0.498560854841127,5.77214959078454,NA,NA,NA,NA,NA
"7","A/VICTORIA/361/2011",5.2867227636143,NA,6.40372218605101,3.92785802507195,1.18322754142428,0.492956567858313,0,2.16691625156997,4.58496250072116,2.58058406021058,NA,4.78795396030142,NA,NA,NA,NA,NA,NA,NA,NA,NA,6.32192809488736,7,5,NA,NA,NA,5.58496250072116,4.58496250072116,4.58496250072116,NA,NA,NA,NA,NA,NA,NA,NA,NA,NA,3.98564470702293,4.09953567355091,5.70629676455063,1.75207248655641,NA,NA,NA,5.41503749927884,5,NA
"8","A/SWITZERLAND/9715293/2013",NA,NA,6.40372218605101,5.03927930774038,2.26594633389997,1.00075120805701,2.25785799759201,0,4.58496250072116,4.876516946565,NA,NA,4.63125615299509,NA,7.69074632193725,5.40006916103433,NA,NA,NA,NA,NA,NA,NA,NA,5.09953567355091,NA,8.49984588708321,5,3.58496250072116,4,5.32192809488736,6.52160043972373,5.4998458870832,NA,NA,NA,NA,NA,NA,NA,NA,NA,NA,NA,NA,NA,NA,NA,NA,NA
"9","A/HONGKONG/4801/2014",5.77214959078454,NA,4.6667565918848,5.23042079509238,2.03809592468451,2.58571370877817,3.471755624763,2.83301551501654,0,5.6838718686226,NA,5.53823390774851,5.3474631869945,7.27146302790437,7.17617314910749,6.59121064838633,NA,NA,NA,NA,NA,NA,NA,NA,NA,NA,NA,NA,NA,NA,NA,NA,NA,NA,NA,NA,NA,NA,NA,NA,NA,NA,NA,NA,NA,NA,NA,NA,NA,NA
"10","A/SWINE/NEWYORK/A01104005/2011",NA,2.8833037752909,NA,NA,NA,NA,6.87730887469845,NA,NA,0,3.21723071622067,NA,5.1548181090521,4.10153802646206,1.97650080427113,5.04689013216252,NA,NA,NA,0.741983668932831,1.71771770957293,NA,5.67807190511264,4.23446525363702,NA,2.34464817138744,3.81614943277669,4.20645087746743,NA,2.53185116426159,NA,NA,NA,4.37574114132156,NA,NA,1.49984588708321,2.43878153585999,NA,1.74198366893283,1.08687123218026,4.09953567355091,2.8502304280198,4.25583890442959,2.93420634889352,NA,4.41503749927884,NA,NA,NA
"11","A/SWINE/IOWA/A01480656/2014",4.92415268422959,NA,5.98868468677217,NA,NA,NA,NA,NA,NA,1.04724724807895,0,NA,2.76250068627334,2.7385227395315,3.37397993216567,2.54535999680837,2.25738784269265,NA,1.4541758931858,2.26303440583379,2.44890095114513,NA,NA,NA,NA,3.17218097538268,3.81334535989999,NA,3.58496250072116,3.20645087746743,4.15200309344505,5.30436972350306,NA,3.62989319111678,NA,NA,2.49984588708321,3.7075551637465,5,3.04270445095424,2.15200309344505,NA,4.4998458870832,2.83007499855769,3.02798849521413,NA,2.22258028448417,6.67807190511264,2,-0.420381341196638
"12","A/SWINE/MISSOURI/A01476459/2012",5.77214959078454,4.28540221886225,4.89065260381164,4.10940539413102,2.03809592468451,1.00075120805701,2.00019794128328,2.16691625156997,3,NA,NA,NA,4.56985560833095,4.83850362062827,6.59121064838633,NA,NA,NA,NA,NA,NA,6.32192809488736,7,5,NA,NA,7.91488338636205,NA,NA,NA,NA,6.52160043972373,5.4998458870832,NA,NA,NA,4.4998458870832,7.7714894695006,NA,6.58496250072116,7.32192809488736,NA,5.4998458870832,NA,4.18718709006339,NA,7,5.41503749927884,7,NA
"13","A/SWINE/MISSOURI/A01410819/2014",NA,NA,3,NA,NA,3.3339946161722,5.77622274958414,4.32561399758903,7,NA,NA,0,NA,5.32660458209684,6.59121064838633,5.59121064838633,NA,NA,NA,NA,NA,NA,NA,NA,NA,NA,7.4998458870832,4.58496250072116,NA,NA,6.32192809488736,NA,NA,5.18652696877944,NA,NA,3.762880292917,5.60156446805829,NA,6.58496250072116,7,4.58496250072116,3.91488338636205,6,3.45022149589718,NA,4,5,6,NA
"14","A/SWINE/OHIO/16TOSU4788/2016",NA,3.77082904603249,4.89065260381164,6.04984854945056,3.45313342396336,3.81488466274567,4.50957709019796,3.98104970625864,6,NA,NA,0.869748051465066,NA,NA,NA,NA,NA,NA,NA,NA,NA,NA,NA,NA,NA,NA,NA,NA,NA,3.58496250072116,NA,NA,NA,NA,NA,NA,NA,NA,NA,NA,NA,NA,NA,NA,NA,NA,NA,NA,NA,NA
"15","A/SWINE/OHIO/A01354299/2017",4.77214959078454,3.77082904603249,5.6667565918848,5.64545829437123,2.45313342396336,3.00075120805701,2.84282049831316,3.16691625156997,5.58496250072116,5.19201877229293,NA,NA,5.3474631869945,3.77321216037655,4.59121064838633,5.85424505422013,NA,NA,NA,NA,NA,NA,NA,NA,NA,NA,NA,NA,NA,NA,NA,NA,NA,NA,NA,NA,NA,NA,NA,NA,NA,NA,NA,NA,NA,NA,NA,NA,NA,NA
"16","A/SWINE/OKLAHOMA/A02218157/2017",NA,NA,5.6667565918848,4.77975938608282,2.03809592468451,2.00075120805701,3.50957709019796,1.83420831792937,3.58496250072116,NA,NA,4.97573874715328,NA,6.00842862207058,6.17617314910749,5.85424505422013,NA,NA,NA,NA,NA,NA,NA,NA,NA,NA,NA,NA,NA,NA,NA,NA,NA,NA,NA,NA,NA,NA,NA,NA,NA,NA,NA,NA,NA,NA,NA,NA,NA,NA
"17","A/WUHAN/359/1995",4.77214959078454,2.73520513630177,6.63113268215408,NA,7.00247201495379,6.82017896241519,NA,NA,7.58496250072116,4.36194377373524,3.53915881110803,NA,0,2.24909521487592,5.17617314910749,4.50941655722269,NA,NA,NA,3.58496250072116,NA,5.73696559416621,NA,NA,5.09953567355091,3.41503749927884,5.00159501955538,4,2.58496250072116,3,3,3.93663793900257,5.08480838780436,2.50002644159622,NA,NA,3.81427944542364,4.83602972169531,NA,6.32192809488736,6.37706964907982,4.58496250072116,5.4998458870832,3.72201525270023,3.26118767150716,NA,NA,NA,NA,NA
"18","A/SWINE/TEXAS/4199/2/1998",NA,1.77082904603249,NA,7.81538329581354,NA,NA,NA,NA,6.58496250072116,4.59640902737226,3.86108690599539,8.45471055218622,1.24792751344359,0,3.405344103075,4.405344103075,2.35049724708413,2.93545974780529,1.77610398807316,2.58496250072116,3.18586654531133,NA,NA,2.29956028185891,NA,4.41503749927884,7.4998458870832,NA,NA,NA,NA,NA,NA,NA,NA,NA,NA,NA,NA,NA,NA,NA,NA,NA,NA,NA,NA,NA,NA,NA
"19","A/SWINE/MINNESOTA/02782/2009",NA,3.77082904603249,NA,NA,NA,NA,NA,NA,NA,2.02566038587081,NA,NA,4.83289001416474,4.33600328009908,0,5.66521122983011,NA,NA,NA,1.31443355834044,0.77082904603249,NA,6.51457317282976,NA,NA,NA,NA,NA,NA,NA,NA,NA,NA,NA,NA,NA,NA,NA,NA,NA,NA,NA,NA,NA,NA,NA,NA,NA,NA,NA
"20","A/SWINE/INDIANA/A01729045/2016",NA,4.77082904603249,7.08179409116365,NA,4.71616782979715,NA,5.85422526158541,5.24091683301375,6,4.2744809324849,3.21723071622067,6.96928372501598,3.98489310760979,3.77321216037655,5.66521122983011,0,NA,2.45003292063505,NA,2.81942775435818,NA,NA,NA,NA,NA,2.83007499855769,3.49984588708321,NA,NA,NA,NA,5.52160043972373,NA,4.18652696877944,NA,NA,NA,6.18652696877944,NA,6.58496250072116,NA,NA,NA,NA,4.18718709006339,NA,5,NA,NA,2.41503749927884
"21","A/SWINE/NEBRASKA/A01567651/2015",NA,NA,NA,NA,5.45313342396336,NA,7.02415026302772,5.75187875229113,NA,1.99038491112328,4.95419631038688,NA,5.1548181090521,4.68650052718322,4.35344300116297,6.08871030785715,NA,NA,NA,1.08671163319333,2.28540221886225,4.32192809488736,6,2,NA,5,6.91488338636205,NA,NA,NA,NA,NA,NA,5.18652696877944,NA,NA,NA,5.18652696877944,NA,3.58496250072116,NA,NA,NA,NA,4.18718709006339,NA,4.41503749927884,NA,NA,3.41503749927884
"22","A/SWINE/ALBERTA/SD0038/2014",NA,NA,NA,NA,NA,NA,NA,6.75187875229113,NA,5.36194377373524,3.7215355535966,5.45471055218622,5.3474631869945,4.68650052718322,6.17617314910749,3.23835798030407,0,1.93545974780529,NA,3.81942775435818,NA,5.32192809488736,NA,NA,NA,NA,NA,NA,NA,NA,NA,NA,NA,NA,NA,NA,NA,NA,NA,NA,NA,NA,NA,NA,NA,NA,NA,NA,NA,NA
"23","A/SWINE/ALBERTA/SD0049/2014",NA,NA,NA,NA,NA,NA,NA,NA,NA,NA,NA,NA,4.3474631869945,6.27146302790437,5.2407134013022,4.405344103075,NA,0,NA,3.58496250072116,NA,NA,NA,NA,NA,NA,NA,NA,NA,NA,NA,NA,NA,NA,NA,NA,NA,NA,NA,NA,NA,NA,NA,NA,NA,NA,NA,NA,NA,NA
"24","A/SWINE/SASKATCHEWAN/SD0059/2014",NA,NA,NA,NA,NA,NA,8.50957709019796,6.16691625156997,NA,4.2744809324849,1.95419631038688,NA,1.09682638629293,2.68650052718322,3.405344103075,3.09083347975012,1.93545974780529,NA,0,3.32192809488736,NA,4.73696559416621,NA,5,NA,NA,NA,NA,NA,NA,NA,NA,NA,NA,NA,NA,NA,NA,NA,NA,NA,NA,NA,NA,NA,NA,NA,NA,NA,NA
"25","A/SWINE/SASKATCHEWAN/SD0065/2014",NA,NA,NA,NA,NA,NA,NA,NA,NA,3.36194377373524,NA,NA,5.3474631869945,1.94953493301701,3.405344103075,6.17617314910749,NA,NA,NA,0,NA,NA,NA,NA,NA,NA,NA,NA,NA,NA,NA,NA,NA,NA,NA,NA,NA,NA,NA,NA,NA,NA,NA,NA,NA,NA,NA,NA,NA,NA
"26","A/SWINE/SASKATCHEWAN/SD0069/2015",NA,NA,NA,NA,NA,NA,NA,NA,NA,3.09141483135452,6.05373198393779,NA,5.3474631869945,5.68650052718322,1.67632726202429,6.69074632193725,NA,NA,NA,2.07400058144378,0,NA,NA,NA,NA,NA,NA,NA,NA,NA,NA,NA,NA,NA,NA,NA,NA,NA,NA,NA,NA,NA,NA,NA,NA,NA,NA,NA,NA,NA
"27","A/SWINE/DENMARK/15164-1-P1/2014",NA,4.77082904603249,NA,6.3299564686433,NA,NA,3.92461458947681,4.16691625156997,6,NA,NA,3.01841543234686,NA,5.32660458209684,6.59121064838633,6.59121064838633,NA,NA,NA,NA,NA,NA,7,4.23446525363702,5,NA,NA,NA,NA,NA,NA,NA,NA,NA,NA,NA,NA,NA,NA,NA,NA,NA,NA,NA,NA,NA,NA,NA,NA,NA
"28","A/SWINE/MEXICO/8630565/2011",NA,3.18586654531133,NA,7.23042079509238,NA,NA,7.50957709019796,6.75187875229113,NA,2.77698127301408,5.53915881110803,NA,4.83289001416474,4.68650052718322,1.17617314910749,NA,NA,NA,NA,NA,NA,6.32192809488736,6.41503749927884,NA,5.58496250072116,NA,NA,NA,NA,NA,NA,NA,NA,NA,NA,NA,NA,NA,NA,NA,NA,NA,NA,NA,NA,NA,NA,NA,NA,NA
"29","A/SWINE/MEXICO/8630459/2011",NA,2.18586654531133,NA,7.23042079509238,NA,NA,6.50957709019796,5.16691625156997,NA,2.36194377373524,5.21723071622067,8.45471055218622,3.24792751344359,3.68650052718322,0.176173149107491,NA,NA,NA,NA,NA,NA,6.32192809488736,5.41503749927884,4,5.58496250072116,NA,NA,NA,NA,NA,NA,NA,NA,NA,NA,NA,NA,NA,NA,NA,NA,NA,NA,NA,NA,NA,NA,NA,NA,NA
"30","A/SWINE/MEXICO/9890611/2013",NA,2.18586654531133,NA,NA,NA,NA,7.92461458947681,6.75187875229113,NA,2.77698127301408,6.53915881110803,NA,3.24792751344359,2.68650052718322,1.59121064838634,NA,NA,NA,NA,NA,NA,NA,NA,4,NA,NA,NA,NA,NA,NA,NA,NA,NA,NA,NA,NA,NA,NA,NA,NA,NA,NA,NA,NA,NA,NA,NA,NA,NA,NA
"31","A/SWINE/MEXICO/84706352130/2015",NA,3.18586654531133,NA,NA,NA,NA,NA,6.75187875229113,NA,5.77698127301408,NA,NA,3.51096191927738,4.27146302790437,6.59121064838633,NA,NA,NA,NA,NA,NA,6.32192809488736,7,4,5,NA,NA,NA,NA,NA,NA,NA,NA,NA,NA,NA,NA,NA,NA,NA,NA,NA,NA,NA,NA,NA,NA,NA,NA,NA
"32","A/SWINE/MEXICO/985778/2013",NA,3.18586654531133,NA,NA,NA,NA,NA,6.75187875229113,NA,5.36194377373524,NA,8.45471055218622,3.24792751344359,4.27146302790437,6.17617314910749,NA,NA,NA,NA,NA,NA,5.32192809488736,7,4,5,NA,NA,NA,NA,NA,NA,NA,NA,NA,NA,NA,NA,NA,NA,NA,NA,NA,NA,NA,NA,NA,NA,NA,NA,NA
"33","A/SWINE/MEXICO/AVX36/2012",NA,NA,NA,NA,NA,NA,8.50957709019796,7.75187875229113,NA,1.36194377373524,4.95419631038688,NA,4.51096191927738,3.68650052718322,NA,NA,NA,NA,NA,NA,NA,NA,6,5,NA,-0.584962500721156,4.4998458870832,NA,NA,NA,NA,NA,NA,NA,NA,NA,NA,NA,NA,NA,NA,NA,NA,NA,NA,NA,NA,NA,NA,NA
"34","A/SWINE/MEXICO/AVX57/2013",NA,NA,NA,NA,NA,NA,8.50957709019796,7.75187875229113,NA,2.36194377373524,5.53915881110803,8.45471055218622,5.24792751344359,3.94953493301701,NA,NA,NA,NA,NA,NA,NA,NA,6.41503749927884,NA,NA,1.67807190511264,6.17791779219584,NA,NA,NA,NA,NA,NA,NA,NA,NA,NA,NA,NA,NA,NA,NA,NA,NA,NA,NA,NA,NA,NA,NA
"35","A/SWINE/MEXICO/AVX53/2013",NA,NA,NA,6.81538329581354,NA,NA,7.92461458947681,6.75187875229113,NA,3.77698127301408,5.53915881110803,7.86974805146507,5.83289001416474,5.68650052718322,NA,NA,NA,NA,NA,NA,NA,5.73696559416621,6.41503749927884,5,NA,4.41503749927884,3.49984588708321,NA,NA,NA,NA,NA,NA,NA,NA,NA,NA,NA,NA,NA,NA,NA,NA,NA,NA,NA,NA,NA,NA,NA
"36","A/TURKEY/OHIO/313053/2004",NA,NA,NA,7.23042079509238,NA,NA,7.92461458947681,6.75187875229113,NA,1.77698127301408,5.53915881110803,8.45471055218622,5.24792751344359,5.68650052718322,NA,NA,NA,NA,NA,NA,NA,6.32192809488736,7,5,NA,0,7.4998458870832,NA,NA,NA,NA,NA,NA,NA,NA,NA,NA,NA,NA,NA,NA,NA,NA,NA,NA,NA,NA,NA,NA,NA
"37","A/SWINE/MEXICO/AVX26/2012",NA,NA,NA,NA,NA,NA,7.50957709019796,6.16691625156997,NA,0.361943773735241,4.95419631038688,7.86974805146507,5.83289001416474,4.94953493301701,NA,NA,NA,NA,NA,NA,NA,5.73696559416621,5.67807190511264,NA,NA,1,6.91488338636205,NA,NA,NA,NA,NA,NA,NA,NA,NA,NA,NA,NA,NA,NA,NA,NA,NA,NA,NA,NA,NA,NA,NA
"38","A/SWINE/MEXICO/AVX15/2012",NA,NA,NA,6.49345520092618,NA,NA,5.50957709019796,5.16691625156997,NA,1.77698127301408,NA,8.45471055218622,4.83289001416474,7.27146302790437,NA,NA,NA,NA,NA,NA,NA,6.32192809488736,5.67807190511264,3,NA,4.41503749927884,6.4998458870832,NA,NA,NA,NA,NA,NA,NA,NA,NA,NA,NA,NA,NA,NA,NA,NA,NA,NA,NA,NA,NA,NA,NA
"39","A/MOSCOW/10/1999",5.77214959078454,3.77082904603249,2.2847811133275,4.81538329581354,4.71616782979715,6.58571370877816,NA,7.16691625156997,NA,6.36194377373524,5.95419631038688,8.45471055218622,4.39993060688864,NA,NA,NA,NA,NA,NA,NA,NA,6.32192809488736,7,4,5.58496250072116,NA,8.01441905991296,5.58496250072116,4.58496250072116,3.26303440583379,6.32192809488736,3.25107149734301,0,5.18652696877944,NA,NA,4.762880292917,4.0990641275291,NA,6.58496250072116,NA,NA,6.08480838780436,NA,NA,NA,NA,NA,NA,NA
"40","A/SHANGHAI/11/1987",4.77214959078454,3.18586654531133,7.6667565918848,NA,8.03809592468451,NA,NA,NA,NA,5.36194377373524,6.53915881110803,7.86974805146507,5.83289001416474,NA,NA,NA,NA,NA,NA,NA,NA,4.73696559416621,4.41503749927884,2.41503749927884,5,NA,NA,5,2,0,5,NA,7.08480838780436,NA,NA,NA,NA,NA,NA,NA,NA,NA,NA,NA,NA,NA,NA,NA,NA,NA
"41","A/SICHUAN/02/1987",5.77214959078454,2.18586654531133,NA,NA,8.03809592468451,7.58571370877817,NA,7.75187875229113,NA,5.77698127301408,5.53915881110803,8.45471055218622,4.83289001416474,NA,NA,NA,NA,NA,NA,NA,NA,5.73696559416621,6,0,5,NA,NA,5.58496250072116,4,1.26303440583379,4.73696559416621,NA,NA,NA,NA,NA,NA,NA,NA,NA,NA,NA,NA,NA,NA,NA,NA,NA,NA,NA
"42","A/PORTCHALMERS/1/1973",4.18718709006339,4.77082904603249,NA,NA,8.03809592468451,NA,8.50957709019796,7.75187875229113,NA,6.36194377373524,6.53915881110803,NA,5.83289001416474,NA,NA,NA,NA,NA,NA,NA,NA,3.32192809488736,NA,4,0,NA,NA,4,NA,NA,6.32192809488736,7.52160043972373,7.08480838780436,NA,NA,NA,NA,NA,NA,NA,NA,NA,NA,NA,NA,NA,NA,NA,NA,NA
"43","A/SWINE/MICHIGAN/A01104095/2016",NA,4.77082904603249,5.34482849699744,5.49345520092618,3.45313342396336,4.00075120805701,3.50957709019796,3.42995065740377,NA,4.77698127301408,3.95419631038688,0.132782457298859,5.83289001416474,NA,NA,NA,NA,NA,NA,NA,NA,NA,NA,NA,NA,NA,NA,NA,NA,3.58496250072116,NA,NA,NA,NA,NA,NA,NA,NA,NA,NA,NA,NA,NA,NA,NA,NA,NA,NA,NA,NA
"44","A/BEIJING/353/1989",4.77214959078454,1.77082904603249,6.6667565918848,6.81538329581354,8.03809592468451,7.00075120805701,6.92461458947681,6.16691625156997,NA,5.36194377373524,4.95419631038688,7.86974805146507,3.83289001416474,NA,NA,NA,NA,NA,NA,NA,NA,5.32192809488736,5.41503749927884,1.41503749927884,4.58496250072116,NA,NA,5,1,0.584962500721156,0,5.52160043972373,6.08480838780436,NA,NA,NA,NA,NA,NA,NA,NA,NA,NA,NA,NA,NA,NA,NA,NA,NA
"45","A/SYDNEY/5/1997",4.18718709006339,2.18586654531133,1.49382910228097,NA,5.83646206351486,7.58571370877817,NA,4.75187875229113,NA,NA,2.53915881110803,6.86974805146507,0.207911834595707,NA,NA,NA,NA,NA,NA,NA,NA,4.32192809488736,6,3.41503749927884,3,NA,NA,4.58496250072116,3,2.58496250072116,2.73696559416621,0,1.9534658486811,5.68402662825026,NA,NA,4.762880292917,4.60156446805829,NA,6.58496250072116,8.32192809488736,NA,7.15880896924814,6,NA,NA,NA,NA,NA,NA
"46","A/VICTORIA/3/1975",3.45022149589718,NA,NA,NA,8.03809592468451,7.58571370877817,8.50957709019796,4.75187875229113,NA,5.36194377373524,NA,NA,NA,NA,NA,NA,NA,NA,NA,NA,NA,0,6,5,0.999999999999999,NA,NA,0.999999999999999,NA,2.58496250072116,5.32192809488736,6.93663793900257,7.08480838780436,NA,NA,NA,NA,NA,NA,NA,NA,NA,NA,NA,NA,NA,NA,NA,NA,NA
"47","A/TEXAS/1/1977",2.77214959078454,3.77082904603249,6.6667565918848,NA,7.03809592468451,5.58571370877816,7.92461458947681,4.75187875229113,NA,3.36194377373524,5.53915881110803,7.86974805146507,3.83289001416474,NA,NA,NA,NA,NA,NA,NA,NA,1,3.67807190511264,4,3.58496250072116,NA,NA,0,4,4,3.73696559416621,5.52160043972373,6.08480838780436,NA,NA,NA,NA,NA,NA,NA,NA,NA,NA,NA,NA,NA,NA,NA,NA,NA
"48","A/PHILIPPINES/2/1982",2.18718709006339,3.18586654531133,5.6667565918848,5.81538329581354,5.45313342396336,5.58571370877816,6.92461458947681,5.75187875229113,NA,3.04001567884788,NA,6.13278245729886,2.83289001416474,NA,NA,NA,NA,NA,NA,NA,NA,3.73696559416621,0,0.999999999999999,3,NA,NA,4,0.263034405833794,-0.736965594166207,3,3.52160043972373,5.4998458870832,NA,NA,NA,NA,NA,NA,NA,NA,NA,NA,NA,NA,NA,NA,NA,NA,NA
"49","A/LENINGRAD/360/1986",2.77214959078454,3.77082904603249,7.08179409116365,7.81538329581354,7.45313342396336,7.00075120805701,7.50957709019796,7.16691625156997,NA,3.36194377373524,NA,6.86974805146507,4.51096191927738,NA,NA,NA,NA,NA,NA,NA,NA,4.73696559416621,1,2.41503749927884,3,NA,NA,4.58496250072116,0,0.584962500721156,5.32192809488736,5.93663793900257,7.08480838780436,NA,NA,NA,NA,NA,NA,NA,NA,NA,NA,NA,NA,NA,NA,NA,NA,NA
"50","A/SWINE/TEXAS/4199/1/1998",NA,NA,NA,7.81538329581354,7.03809592468451,7.58571370877817,NA,NA,NA,4.36194377373524,NA,8.45471055218622,0.39659489432538,NA,NA,NA,NA,NA,NA,NA,NA,NA,NA,NA,NA,NA,6.91488338636205,NA,NA,NA,NA,5.69378141510641,5.31927364144138,0,NA,NA,4.4998458870832,3.7714894695006,5,6.58496250072116,7.32192809488736,NA,5.85214763101409,3.72201525270023,3.18718709006339,NA,NA,NA,NA,NA
"51","A/SWINE/COLORADO/23619/1999",NA,NA,0.666756591884804,6.23042079509238,4.45313342396336,NA,NA,NA,NA,5.36194377373524,NA,1.45471055218622,3.33463914663692,2.27146302790437,NA,NA,NA,NA,NA,NA,NA,NA,NA,NA,NA,NA,5.84449405847065,NA,NA,NA,NA,2.52160043972373,2.08480838780436,4.50096052711988,NA,NA,2.68906005962533,3.59556572743684,5,NA,6.32192809488736,NA,3.4998458870832,4,4.18718709006339,NA,NA,NA,6.58496250072116,NA
"52","A/SWINE/MINNESOTA/1146/2006",NA,NA,NA,NA,NA,6.58571370877816,NA,NA,NA,1.73258715365563,NA,NA,5.1548181090521,NA,NA,NA,NA,NA,NA,NA,NA,NA,NA,NA,NA,1.41503749927884,5.7556847915128,NA,NA,NA,NA,NA,5.4998458870832,6.86459887389208,NA,NA,1.64768054353155,1.43788684123232,2.56704059272389,4.2203900684253,3.14600435282361,3.90689059560852,2.7132495251924,2.18237674248857,1.83668984297925,NA,5,NA,NA,NA
"53","A/SWINE/IOWA/1700/2007",NA,NA,NA,NA,NA,NA,NA,NA,NA,2.09141483135452,NA,8.45471055218622,4.83289001416474,NA,NA,NA,NA,NA,NA,NA,NA,NA,NA,NA,NA,NA,5.98888396780583,NA,NA,NA,NA,NA,7.08480838780436,6.26052755022322,NA,NA,0,1.27164358241739,1.22917095396751,4.30697775342139,4.23871472663838,NA,2.99946871844699,2.91253715874966,3.49416484348478,NA,NA,NA,NA,NA
"54","A/SWINE/MINNESOTA/2782/2009",NA,NA,NA,NA,NA,7.58571370877817,NA,NA,NA,0.776981273014085,NA,NA,4.39993060688864,NA,NA,NA,NA,NA,NA,NA,NA,NA,NA,NA,NA,NA,4.56438613927792,NA,NA,NA,NA,NA,5.59938156063412,3.68614980014323,NA,NA,-0.686681081696237,0,-0.501439145158873,3.31443355834044,3.32192809488736,4.58496250072116,2.08480838780436,1.22917095396751,1.68893622253556,NA,NA,NA,NA,NA
"55","A/SWINE/ILLINOIS/2970/2009",NA,NA,NA,NA,NA,NA,NA,NA,NA,4.36194377373524,NA,NA,5.83289001416474,NA,NA,NA,NA,NA,NA,NA,NA,NA,NA,NA,NA,NA,5.4998458870832,NA,NA,NA,NA,NA,6.59938156063412,7.00595472313762,NA,NA,1.99946871844699,1.50002644159622,0,4.81942775435818,4.23871472663838,NA,3.648513267965,4.9296106721086,5.2867227636143,NA,NA,NA,NA,NA
"56","A/SWINE/PENNSYLVANIA/A01076777/2010",NA,NA,NA,NA,7.55266909751427,5.82017896241519,6.1876489953106,NA,NA,-0.97165885453304,NA,NA,5.56985560833095,NA,NA,NA,NA,NA,NA,NA,NA,NA,NA,NA,NA,NA,4.32192809488736,NA,NA,NA,NA,NA,6.08480838780436,5.18652696877944,NA,NA,-0.186654640100013,0.834851530498028,1.72947105761928,-0.415037499278844,1.4036611357948,1.43928504552552,1.02303219021767,1.55705650415127,2.73652568105382,NA,NA,NA,NA,NA
"57","A/INDIANA/8/2011",NA,NA,NA,NA,7.03809592468451,6.51532438088677,7.1876489953106,NA,NA,-0.638056226264759,NA,NA,5.83289001416474,NA,NA,NA,NA,NA,NA,NA,NA,NA,NA,NA,NA,NA,6.41238304583287,NA,NA,NA,NA,NA,6.01441905991296,7.18652696877944,NA,NA,1.58496250072116,1.68668108169624,NA,0,2.05046506698299,3.58496250072116,4.26207823985984,3.48903808072262,4.50911518495075,NA,NA,NA,NA,NA
"58","A/SWINE/INDIANA/A00968373/2012",NA,NA,7.6667565918848,7.3299564686433,5.37133933279971,5.82017896241519,5.93668742177738,NA,NA,-1.63805622626476,NA,8.45471055218622,3.83289001416474,NA,NA,NA,NA,NA,NA,NA,NA,NA,NA,NA,NA,NA,2.99840674192433,NA,NA,NA,NA,NA,5.31927364144138,3.33519434966124,NA,NA,1.08480838780436,0.500026441596225,2.41503749927884,0.584962500721156,0,1.76733924320973,1.762880292917,1.3275746580285,1.68893622253556,NA,NA,NA,NA,NA
"59","A/SWINE/ILLINOIS/A01241469/2012",NA,NA,NA,NA,NA,7.00075120805701,6.1876489953106,NA,NA,-0.137902113347964,NA,NA,5.24792751344359,NA,NA,NA,NA,NA,NA,NA,NA,NA,NA,NA,NA,NA,4.22931694470249,NA,NA,NA,NA,NA,NA,3.44956137461324,NA,NA,0.499845887083206,1.7714894695006,NA,1.58496250072116,1,3.58496250072116,2.91488338636205,2.83007499855769,2.50162064840382,NA,NA,NA,NA,NA
"60","A/SWINE/MICHIGAN/A01259000/2012",NA,NA,NA,NA,8.03809592468451,7.58571370877817,7.50957709019796,NA,NA,0.589794182950698,NA,NA,5.24792751344359,NA,NA,NA,NA,NA,NA,NA,NA,NA,NA,NA,NA,NA,2.99840674192433,NA,NA,NA,NA,NA,NA,5.00066042346811,NA,NA,1.81334535989999,2.7714894695006,5,1.31256599168367,1.58721847466152,3.26303440583379,1.91488338636205,2.67807190511264,2.77214959078454,NA,NA,NA,NA,NA
"61","A/SWINE/INDIANA/A01202866/2011",NA,NA,NA,NA,NA,6.58571370877816,7.50957709019796,NA,NA,2.59111472770275,NA,NA,5.3474631869945,NA,NA,NA,NA,NA,NA,NA,NA,NA,NA,NA,NA,NA,0,NA,NA,NA,NA,NA,6.59938156063412,5.50096052711988,NA,NA,3.26207823985984,3.60156446805829,NA,NA,4.32192809488736,NA,5.57384646852698,2.91253715874966,3.33919018350844,NA,NA,NA,NA,NA
"62","A/SWINE/ILLINOIS/A01201606/2011",NA,NA,NA,NA,NA,5.3077289614784,6.37207356644803,NA,NA,0.276604104377871,NA,7.45471055218622,NA,NA,NA,NA,NA,NA,NA,NA,NA,NA,NA,NA,NA,NA,6.22186113978344,NA,NA,NA,NA,NA,NA,8.7714894695006,NA,NA,2.762880292917,4.00066042346811,3,2.81413345468867,2.73696559416621,0,1.49984588708321,4.67807190511264,4.18718709006339,NA,NA,NA,NA,NA
"63","A/SWINE/IOWA/A01202613/2011",NA,NA,NA,7.81538329581354,NA,6.00075120805701,7.07661768292186,NA,NA,1.59111472770275,NA,NA,5.3474631869945,NA,NA,NA,NA,NA,NA,NA,NA,NA,NA,NA,NA,NA,5.91488338636205,NA,NA,NA,NA,7.52160043972373,5.59938156063412,6.68402662825026,NA,NA,0.762880292916998,2.44956137461324,3.23446525363702,3.49749965947082,3.32192809488736,3,0,1.7635073816187,3.6846867495342,NA,NA,NA,NA,NA
"64","A/SWINE/IOWA/A01202889/2011",NA,NA,NA,NA,NA,6.00075120805701,6.56471864439043,NA,NA,0.361943773735241,NA,NA,NA,NA,NA,NA,NA,NA,NA,NA,NA,NA,NA,NA,NA,NA,5.98888396780583,NA,NA,NA,NA,NA,7.08480838780436,7.28606264233036,NA,NA,1,2.27164358241739,2.22389601192684,2.58496250072116,4.05139915250664,1.31443355834044,1,2.76733924320972,3.94433056616722,NA,NA,NA,NA,NA
"65","A/SWINE/IOWA/A01203196/2012",NA,NA,NA,NA,NA,7.58571370877817,NA,NA,NA,5.59640902737226,NA,NA,2.7454271729144,NA,NA,NA,NA,NA,NA,NA,NA,NA,NA,NA,NA,NA,3.76378225921139,NA,NA,NA,NA,NA,NA,5.00066042346811,NA,NA,3.762880292917,4.18652696877944,3.23446525363702,NA,6.08926733809709,4.32192809488736,2.99946871844699,2.41503749927884,3.827291144977,NA,NA,NA,NA,NA
"66","A/SWINE/IOWA/A01049750/2011",NA,NA,NA,7.81538329581354,7.45313342396336,7.58571370877817,8.50957709019796,NA,NA,0.0904807458308667,NA,NA,3.24792751344359,NA,NA,NA,NA,NA,NA,NA,NA,NA,NA,NA,NA,NA,3.41450621772583,NA,NA,NA,NA,7.25856603388993,4.8068236405046,2.7714894695006,NA,NA,0.499845887083206,0.500026441596225,2.41503749927884,3.58496250072116,2.38529015588479,3.58496250072116,2.08480838780436,0,0.187187090063388,NA,NA,NA,NA,NA
"67","A/SWINE/TEXAS/A01049914/2011",NA,NA,NA,NA,8.03809592468451,7.58571370877817,8.02415026302772,NA,NA,0.776981273014085,NA,NA,3.39993060688864,NA,NA,NA,NA,NA,NA,NA,NA,NA,NA,NA,NA,NA,3.56203071827979,NA,NA,NA,NA,NA,4.99734554655402,2.99933987871606,NA,NA,0.499845887083206,0.771489469500599,2.41503749927884,3.58496250072116,2.73696559416621,4.09953567355091,2.08480838780436,0,0,NA,NA,NA,NA,NA
"68","A/SWINE/ILLINOIS/A01241066/2012",NA,NA,NA,NA,8.03809592468451,6.58571370877816,8.50957709019796,NA,NA,0.776981273014085,NA,NA,3.24792751344359,NA,NA,NA,NA,NA,NA,NA,NA,NA,NA,NA,NA,NA,3.91488338636205,NA,NA,NA,NA,NA,6.08480838780436,2.99933987871606,NA,NA,0.499845887083206,0.771489469500599,2.06454025219471,2.58496250072116,2.73696559416621,3.58496250072116,2.81241187876688,0.415037499278844,0.499753081747057,NA,NA,NA,NA,NA
"69","A/SWINE/NEBRASKA/A01241171/2012",NA,NA,6.5963672639934,7.81538329581354,7.55266909751427,7.58571370877817,NA,NA,NA,5.36194377373524,NA,NA,2.7454271729144,NA,NA,NA,NA,NA,NA,NA,NA,NA,NA,NA,NA,NA,7.4998458870832,NA,NA,NA,NA,NA,6.01441905991296,4.44956137461324,NA,NA,6.25698936318704,6.49350472220083,NA,5.58496250072116,8.32192809488736,NA,8.08480838780436,3.18237674248857,5.77214959078454,NA,NA,NA,NA,NA
"70","A/SWINE/IOWA/A01203121/2012",NA,NA,NA,NA,8.03809592468451,7.58571370877817,NA,NA,NA,1.36194377373524,NA,NA,4.24792751344359,NA,NA,NA,NA,NA,NA,NA,NA,NA,NA,NA,NA,NA,4.76649154646938,NA,NA,NA,NA,NA,6.08480838780436,3.68614980014323,NA,NA,1.08480838780436,1,3.23446525363702,3.08671163319333,3.55109904885487,4.09953567355091,2.99946871844699,0.415037499278844,0.499753081747057,NA,NA,NA,NA,NA
"71","A/SWINE/IOWA/A01300195/2012",NA,NA,7.6667565918848,6.23042079509238,2.60180080484515,3.58571370877816,3.57176192139455,NA,NA,-0.409545695765358,NA,NA,5.83289001416474,NA,NA,NA,NA,NA,NA,NA,NA,NA,NA,NA,NA,NA,3.91488338636205,NA,NA,NA,NA,NA,NA,6.68402662825026,NA,NA,2.49984588708321,2.50002644159622,4.51457317282976,2.08671163319333,1.73696559416621,1.14533936316404,1.762880292917,2.06454025219471,2.60222458934223,NA,NA,NA,NA,NA
"72","A/SWINE/MINNESOTA/A01125993/2012",NA,NA,7.18132976471456,NA,5.03809592468451,5.00075120805701,6.92461458947681,NA,NA,2.36194377373524,NA,NA,3.66296501272243,NA,NA,NA,NA,NA,NA,NA,NA,NA,NA,NA,NA,NA,5.4998458870832,NA,NA,NA,NA,6.52160043972373,NA,5.99538548142743,NA,NA,4.58655752027654,5.68402662825026,NA,4.26303440583379,5.5458241068142,4.58496250072116,4.91488338636205,3.91253715874966,3.77214959078454,NA,NA,NA,NA,NA
"73","A/SWINE/MINNESOTA/A01300213/2012",NA,NA,7.6667565918848,NA,7.77506151885072,5.00075120805701,5.92461458947681,NA,NA,0.361943773735241,NA,NA,NA,NA,NA,NA,NA,NA,NA,NA,NA,NA,NA,NA,NA,NA,5.91488338636205,NA,NA,NA,NA,NA,NA,8.18652696877944,NA,NA,2.49984588708321,2.99933987871606,3.05514155419246,1.58496250072116,2.73696559416621,3,2.49984588708321,4.25583890442959,4.84615017222832,NA,NA,NA,NA,NA
"74","A/SWINE/MINNESOTA/A01327922/2012",NA,NA,7.6667565918848,NA,5.22047266717308,5.00075120805701,5.1876489953106,NA,NA,0.361943773735241,NA,NA,NA,NA,NA,NA,NA,NA,NA,NA,NA,NA,NA,NA,NA,NA,4.4998458870832,NA,NA,NA,NA,NA,NA,8.28606264233036,NA,NA,1.99946871844699,2.7714894695006,3,3,1.73696559416621,2.64010405491362,1.81334535989999,3.3332434081152,4.02798849521413,NA,NA,NA,NA,NA
"75","A/SWINE/IOWA/A01432500/2013",NA,NA,NA,NA,NA,NA,8.50957709019796,NA,NA,5.77698127301408,NA,NA,NA,NA,NA,NA,NA,NA,NA,NA,NA,NA,NA,NA,NA,NA,6.4998458870832,NA,NA,NA,NA,NA,NA,NA,NA,NA,NA,NA,NA,NA,8.32192809488736,NA,5.4998458870832,4.67807190511264,4.77214959078454,NA,0,NA,5.41503749927884,NA
"76","A/SWINE/MINNESOTA/A01432544/2013",NA,NA,NA,NA,NA,NA,4.92461458947681,NA,NA,-0.223018726985915,NA,NA,NA,NA,NA,NA,NA,NA,NA,NA,NA,NA,NA,NA,NA,NA,3.49984588708321,NA,NA,NA,NA,NA,NA,NA,NA,NA,NA,NA,NA,NA,1.32192809488736,0,0.762880292916998,2.41503749927884,2.45022149589718,NA,6,0,0,NA
"77","A/SWINE/MINNESOTA/A01280592/2013",NA,NA,NA,NA,NA,NA,5.92461458947681,NA,NA,-0.638056226264759,NA,NA,NA,NA,NA,NA,NA,NA,NA,NA,NA,NA,NA,NA,NA,NA,1.49984588708321,NA,NA,NA,NA,NA,NA,NA,NA,NA,NA,NA,NA,NA,1,1.58496250072116,1.762880292917,-0.169925001442312,1.60222458934223,NA,7,4,0,NA
"78","A/SWINE/MINNESOTA/1146/2006",NA,NA,NA,NA,NA,7.00075120805701,NA,NA,NA,2.17607722842391,4.83871909296694,8.45471055218622,NA,NA,NA,NA,NA,NA,NA,NA,NA,NA,NA,NA,NA,1.77118130950412,5.74495838491974,NA,NA,NA,NA,NA,5.08480838780436,6.40691703720474,NA,NA,1.08480838780436,1.62887181405402,1.41503749927884,3.87346759407107,3.55109904885487,4.58496250072116,1.81334535989999,2.06454025219471,2.22989154101762,NA,4.75207248655641,5.91253715874966,4.58496250072116,4.78276928377933
"79","A/SWINE/MINNESOTA/A01125993/2012",NA,NA,NA,NA,NA,NA,7.92461458947681,NA,NA,3.36194377373524,NA,NA,NA,NA,NA,NA,NA,NA,NA,NA,NA,NA,NA,NA,NA,NA,4.91488338636205,NA,NA,NA,NA,NA,NA,NA,NA,NA,NA,NA,NA,NA,4.73696559416621,3.58496250072116,3.04041426844591,4.41503749927884,5.18718709006339,NA,3.41503749927884,4,2,NA
"80","A/SWINE/NORTHCAROLINA/A01432566/2013",NA,NA,NA,NA,NA,NA,7.50957709019796,NA,NA,1.77698127301408,NA,NA,NA,NA,NA,NA,NA,NA,NA,NA,NA,NA,NA,NA,NA,NA,4.17791779219584,NA,NA,NA,NA,NA,NA,NA,NA,NA,NA,NA,NA,NA,5.15200309344505,4.58496250072116,7.4998458870832,4.41503749927884,4.77214959078454,NA,2.41503749927884,7,7.58496250072116,NA
"81","A/SWINE/MICHIGAN/A01203498/2012",NA,NA,NA,NA,NA,NA,8.50957709019796,NA,NA,2.04001567884788,NA,NA,NA,NA,NA,NA,NA,NA,NA,NA,NA,NA,NA,NA,NA,NA,4.91488338636205,NA,NA,NA,NA,NA,NA,NA,NA,NA,NA,NA,NA,NA,5.23446525363702,4,2.08480838780436,2.67807190511264,4.45022149589718,NA,3.41503749927884,5.67807190511264,3.58496250072116,NA
"82","A/SWINE/NEBRASKA/A01271549/2012",NA,NA,NA,NA,NA,NA,NA,NA,NA,6.36194377373524,NA,NA,NA,NA,NA,NA,NA,NA,NA,NA,NA,NA,NA,NA,NA,NA,8.49984588708321,NA,NA,NA,NA,NA,NA,NA,NA,NA,NA,NA,NA,NA,8.32192809488736,NA,8.08480838780436,6,NA,NA,1,NA,7.58496250072116,NA
"83","A/TURKEY/OHIO/313053/2004",NA,NA,NA,NA,NA,NA,8.50957709019796,NA,NA,1.04001567884788,NA,NA,NA,NA,NA,NA,NA,NA,NA,NA,NA,NA,NA,NA,NA,NA,7.4998458870832,NA,NA,NA,NA,NA,NA,NA,NA,NA,NA,NA,NA,NA,3.32192809488736,4.58496250072116,2.762880292917,2.41503749927884,1.18718709006339,NA,4.41503749927884,6,4,NA
"84","A/SWINE/NEWYORK/A01104005/2011",NA,NA,NA,NA,NA,6.58571370877816,6.92461458947681,NA,NA,-0.209429662237961,3.28365807795965,NA,NA,NA,NA,NA,NA,NA,NA,NA,NA,NA,NA,NA,NA,2.95560588064155,4.89696147836479,NA,NA,NA,NA,NA,6.08480838780436,4.67135279821515,NA,NA,1.49984588708321,2.41305804087425,3.41503749927884,1.93822380241331,2,4,3.4998458870832,1.83007499855769,3.06065468413446,NA,4.83007499855769,4.41503749927884,2,4.34464817138744
"85","A/SWINE/IOWA/A01432826/2013",NA,NA,NA,NA,7.45313342396336,5.00075120805701,5.1876489953106,NA,NA,-0.638056226264759,4.53915881110803,NA,NA,NA,NA,NA,NA,NA,NA,NA,NA,NA,NA,NA,NA,NA,4.91488338636205,NA,NA,NA,NA,NA,7.08480838780436,6.18652696877944,NA,NA,1.762880292917,2.7714894695006,4.41503749927884,1.58496250072116,2.73696559416621,3,1.91488338636205,3.67807190511264,3.45022149589718,NA,6,1,0.584962500721156,NA
"86","A/SWINE/IOWA/A01290671/2013",NA,NA,7.6667565918848,6.81538329581354,4.71616782979715,5.00075120805701,4.92461458947681,NA,NA,-0.638056226264759,3.95419631038688,NA,5.83289001416474,NA,NA,NA,NA,NA,NA,NA,NA,NA,NA,NA,NA,NA,4.91488338636205,NA,NA,NA,NA,NA,6.08480838780436,6.7714894695006,NA,NA,1.08480838780436,1.7714894695006,3.41503749927884,1.58496250072116,2.32192809488736,2,2.49984588708321,2.83007499855769,3.45022149589718,NA,4.41503749927884,0.415037499278844,1,NA
"87","A/SWINE/ILLINOIS/A01555180/2014",NA,NA,NA,NA,5.03809592468451,6.00075120805701,6.33965208875565,NA,NA,1.77698127301408,4.53915881110803,NA,5.83289001416474,NA,NA,NA,NA,NA,NA,NA,NA,NA,NA,NA,NA,NA,4.17791779219584,NA,NA,NA,NA,NA,6.4998458870832,6.44956137461324,NA,NA,2.49984588708321,3.7714894695006,4.41503749927884,3.58496250072116,4.73696559416621,3.58496250072116,3.762880292917,4.41503749927884,4.77214959078454,NA,6,3.41503749927884,2.26303440583379,NA
"88","A/SWINE/ARKANSAS/A01840240/2014",NA,NA,7.6667565918848,NA,3.45313342396336,4.00075120805701,6.50957709019796,NA,NA,1.04001567884788,3.53915881110803,NA,NA,NA,NA,NA,NA,NA,NA,NA,NA,NA,NA,NA,NA,NA,3.91488338636205,NA,NA,NA,NA,NA,4.762880292917,6.7714894695006,NA,NA,2.49984588708321,2.18652696877944,3.41503749927884,2,4.32192809488736,3,1.91488338636205,2.91253715874966,3.77214959078454,NA,5.41503749927884,0.415037499278844,1,NA
"89","A/SWINE/ILLINOIS/A0120784/2012",NA,NA,NA,NA,8.03809592468451,6.00075120805701,6.50957709019796,NA,NA,-0.223018726985915,2.95419631038688,NA,4.83289001416474,NA,NA,NA,NA,NA,NA,NA,NA,NA,NA,NA,NA,NA,5.4998458870832,NA,NA,NA,NA,6.52160043972373,6.08480838780436,3.44956137461324,NA,NA,0.499845887083206,0.771489469500599,3.41503749927884,1,1.73696559416621,4.58496250072116,1.762880292917,2,3.18718709006339,NA,4.41503749927884,4.41503749927884,4.58496250072116,NA
"90","A/SWINE/ILLINOIS/A01327868/2012",NA,NA,NA,NA,NA,NA,NA,NA,NA,2.77698127301408,1.95419631038688,NA,3.24792751344359,NA,NA,NA,NA,NA,NA,NA,NA,NA,NA,NA,NA,NA,6.91488338636205,NA,NA,NA,NA,7.52160043972373,NA,3.7714894695006,NA,NA,4.762880292917,4.44956137461324,NA,5.58496250072116,6,NA,5.4998458870832,5,4.18718709006339,NA,4,7,7,NA
"91","A/SWINE/ILLINOIS/A01493027/2014",NA,NA,NA,NA,NA,7.58571370877817,NA,NA,NA,4.77698127301408,1.53915881110803,NA,2.24792751344359,NA,NA,NA,NA,NA,NA,NA,NA,NA,NA,NA,NA,NA,6.4998458870832,NA,NA,NA,NA,6.52160043972373,NA,4.7714894695006,NA,NA,5.08480838780436,5.18652696877944,NA,NA,5.32192809488736,NA,5.91488338636205,NA,NA,NA,2.41503749927884,6,7.58496250072116,NA
"92","A/SWINE/ILLINOIS/A01840351/2015",NA,NA,7.6667565918848,NA,NA,7.58571370877817,7.50957709019796,NA,NA,1.77698127301408,4.53915881110803,NA,NA,NA,NA,NA,NA,NA,NA,NA,NA,NA,NA,NA,NA,NA,5.91488338636205,NA,NA,NA,NA,NA,NA,4.44956137461324,NA,NA,2.49984588708321,2.7714894695006,5,5,4.32192809488736,4.58496250072116,4.762880292917,4.41503749927884,3.77214959078454,NA,5.41503749927884,5.41503749927884,5.58496250072116,NA
"93","A/SWINE/ILLINOIS/A01475273/2014",NA,NA,NA,NA,6.71616782979715,4.58571370877816,5.50957709019796,NA,NA,-0.638056226264759,1.53915881110803,NA,3.24792751344359,NA,NA,NA,NA,NA,NA,NA,NA,NA,NA,NA,NA,NA,1.91488338636205,NA,NA,NA,NA,6.93663793900257,6.08480838780436,2.44956137461324,NA,NA,1.49984588708321,2.44956137461324,5,2.58496250072116,1.15200309344505,4,2.49984588708321,0.830074998557688,2.18718709006339,NA,3.41503749927884,5,1.41503749927884,NA
"94","A/SWINE/ILLINOIS/A01503899/2014",NA,NA,7.6667565918848,NA,7.45313342396336,6.00075120805701,5.1876489953106,NA,NA,-1.63805622626476,2.95419631038688,NA,4.24792751344359,NA,NA,NA,NA,NA,NA,NA,NA,NA,NA,NA,NA,NA,2.49984588708321,NA,NA,NA,NA,NA,6.08480838780436,2.44956137461324,NA,NA,0.0848083878043617,1.18652696877944,3.41503749927884,1.58496250072116,1,2,1.762880292917,1.83007499855769,1.18718709006339,NA,3,3.41503749927884,1,NA
"95","A/SWINE/ILLINOIS/A01489882/2015",NA,NA,6.6667565918848,NA,NA,4.00075120805701,4.92461458947681,NA,NA,1.36194377373524,-0.0458036896131233,NA,3.51096191927738,NA,NA,NA,NA,NA,NA,NA,NA,NA,NA,NA,NA,NA,2.49984588708321,NA,NA,NA,NA,5.93663793900257,NA,2.18652696877944,NA,NA,3.4998458870832,3.60156446805829,5,4.58496250072116,3.15200309344505,4,3.91488338636205,2.67807190511264,2.45022149589718,NA,3,4.83007499855769,3.26303440583379,NA
"96","A/SWINE/ILLINOIS/A01502036/2014",NA,NA,6.08179409116365,NA,7.03809592468451,5.00075120805701,5.92461458947681,NA,NA,0.776981273014085,-0.0458036896131233,NA,1.24792751344359,NA,NA,NA,NA,NA,NA,NA,NA,NA,NA,NA,NA,NA,1.91488338636205,NA,NA,NA,NA,5.19967234483636,NA,2.7714894695006,NA,NA,3.08480838780436,3.44956137461324,5,5,3.23446525363702,NA,4.762880292917,1.83007499855769,3.18718709006339,NA,3.41503749927884,6.83007499855769,4.26303440583379,NA
"97","A/SWINE/WYOMING/A01445305/2013",NA,NA,4.6667565918848,NA,6.45313342396336,5.00075120805701,5.33965208875565,NA,NA,-0.223018726985915,-0.460841188891967,NA,2.24792751344359,NA,NA,NA,NA,NA,NA,NA,NA,NA,NA,NA,NA,NA,7.17791779219584,NA,NA,NA,NA,4.52160043972373,6.08480838780436,5.7714894695006,NA,NA,4.4998458870832,4.18652696877944,NA,3,4.73696559416621,NA,5.762880292917,4,4.45022149589718,NA,1.41503749927884,6.41503749927884,4,NA
"98","A/SWINE/WYOMING/A01397400/2013",NA,NA,6.34482849699744,6.81538329581354,4.45313342396336,4.00075120805701,4.92461458947681,NA,NA,-0.638056226264759,3.53915881110803,NA,5.24792751344359,NA,NA,NA,NA,NA,NA,NA,NA,NA,NA,NA,NA,NA,6.91488338636205,NA,NA,NA,NA,7.52160043972373,4.4998458870832,8.18652696877944,NA,NA,1.49984588708321,1.18652696877944,4.41503749927884,1,1.73696559416621,3.26303440583379,2.91488338636205,2.91253715874966,3.45022149589718,NA,5,3.67807190511264,3,NA
"99","A/SWINE/WYOMING/A01444566/2013",NA,NA,4.6667565918848,NA,5.45313342396336,5.00075120805701,6.1876489953106,NA,NA,-0.223018726985915,-2.04580368961312,NA,1.83289001416474,NA,NA,NA,NA,NA,NA,NA,NA,NA,NA,NA,NA,NA,7.91488338636205,NA,NA,NA,NA,4.52160043972373,5.4998458870832,4.7714894695006,NA,NA,4.4998458870832,4.18652696877944,NA,2,5,NA,5.762880292917,4.67807190511264,4.45022149589718,NA,1.67807190511264,6,3.58496250072116,NA
"100","A/SWINE/WYOMING/A01381202/2013",NA,NA,6.6667565918848,7.81538329581354,5.45313342396336,7.00075120805701,5.33965208875565,NA,NA,-0.223018726985915,2.53915881110803,NA,3.83289001416474,NA,NA,NA,NA,NA,NA,NA,NA,NA,NA,NA,NA,NA,5.32992088564089,NA,NA,NA,NA,6.93663793900257,5.08480838780436,5.18652696877944,NA,NA,1.49984588708321,3.44956137461324,5,0.263034405833793,1.73696559416621,4.58496250072116,2.99734554655402,2.91253715874966,3.45022149589718,NA,3.41503749927884,5,3.58496250072116,NA
"101","A/SWINE/NEBRASKA/A01493501/2014",NA,NA,7.6667565918848,NA,6.45313342396336,6.00075120805701,6.50957709019796,NA,NA,1.77698127301408,4.53915881110803,NA,5.24792751344359,NA,NA,NA,NA,NA,NA,NA,NA,NA,NA,NA,NA,NA,7.17791779219584,NA,NA,NA,NA,NA,6.08480838780436,5.18652696877944,NA,NA,2.49984588708321,4.7714894695006,NA,3.58496250072116,4.73696559416621,3.58496250072116,3.99734554655402,4,4.18718709006339,NA,4.67807190511264,5.41503749927884,4.58496250072116,NA
"102","A/SWINE/MINNESOTA/A01366992/2014",NA,NA,7.6667565918848,NA,4.45313342396336,4.00075120805701,5.42211424894762,NA,NA,0.776981273014085,3.21723071622067,NA,4.83289001416474,NA,NA,NA,NA,NA,NA,NA,NA,NA,NA,NA,NA,NA,6.17791779219584,NA,NA,NA,NA,7.52160043972373,5.08480838780436,4.18652696877944,NA,NA,1.762880292917,3.44956137461324,5,2.58496250072116,5.32192809488736,3,2.91488338636205,3,3.45022149589718,NA,3.41503749927884,3.67807190511264,4,NA
"103","A/SWINE/INDIANA/A01260466/2014",NA,NA,6.6667565918848,NA,6.45313342396336,NA,7.50957709019796,NA,NA,1.36194377373524,NA,NA,3.24792751344359,NA,NA,NA,NA,NA,NA,NA,NA,NA,NA,NA,NA,2.91253715874966,5.91488338636205,NA,NA,NA,NA,5.52160043972373,NA,4.18652696877944,NA,NA,NA,4.18652696877944,NA,3.58496250072116,NA,NA,NA,NA,5.18718709006339,NA,3,NA,NA,NA
"104","A/SWINE/NORTHCAROLINA/A01410118/2014",NA,NA,6.6667565918848,NA,7.03809592468451,NA,8.50957709019796,NA,NA,-0.223018726985915,NA,NA,2.83289001416474,NA,NA,NA,NA,NA,NA,NA,NA,NA,NA,NA,NA,2.91253715874966,3.17791779219584,NA,NA,NA,NA,5.93663793900257,NA,2.18652696877944,NA,NA,NA,4.18652696877944,NA,3,NA,NA,NA,NA,3.77214959078454,NA,2.41503749927884,NA,NA,NA
"105","A/SWINE/NORTHCAROLINA/A01410709/2014",NA,NA,5.6667565918848,NA,6.03809592468451,NA,7.50957709019796,NA,NA,0.776981273014085,NA,NA,2.24792751344359,NA,NA,NA,NA,NA,NA,NA,NA,NA,NA,NA,NA,2.91253715874966,4.91488338636205,NA,NA,NA,NA,4.93663793900257,NA,3.7714894695006,NA,NA,NA,3.7714894695006,NA,2,NA,NA,NA,NA,3.77214959078454,NA,1.41503749927884,NA,NA,NA
"106","A/SWINE/IOWA/A01501685/2014",NA,NA,6.6667565918848,NA,5.8681709232422,NA,NA,NA,NA,-0.223018726985915,NA,NA,2.24792751344359,NA,NA,NA,NA,NA,NA,NA,NA,NA,NA,NA,NA,2.91253715874966,4.4998458870832,NA,NA,NA,NA,5.93663793900257,NA,4.18652696877944,NA,NA,NA,3.44956137461324,NA,3,NA,NA,NA,NA,4.18718709006339,NA,3,NA,NA,NA
"107","A/SWINE/ILLINOIS/A01327903/2012",NA,NA,6.34482849699744,NA,8.03809592468451,NA,7.50957709019796,NA,NA,1.36194377373524,NA,NA,3.24792751344359,NA,NA,NA,NA,NA,NA,NA,NA,NA,NA,NA,NA,5,8.49984588708321,NA,NA,NA,NA,5.52160043972373,NA,7.18652696877944,NA,NA,NA,5.7714894695006,NA,2.58496250072116,NA,NA,NA,NA,NA,NA,2.41503749927884,NA,NA,NA
"108","A/SWINE/ILLINOIS/A00843193/2014",NA,NA,5.6667565918848,NA,6.71616782979715,NA,8.50957709019796,NA,NA,0.361943773735241,NA,NA,2.24792751344359,NA,NA,NA,NA,NA,NA,NA,NA,NA,NA,NA,NA,2.91253715874966,5.91488338636205,NA,NA,NA,NA,5.93663793900257,NA,3.7714894695006,NA,NA,NA,3.7714894695006,NA,2.58496250072116,NA,NA,NA,NA,4.77214959078454,NA,2.67807190511264,NA,NA,NA
"109","A/SWINE/WYOMING/A01444562/2013",NA,NA,5.34482849699744,NA,6.03809592468451,NA,6.33965208875565,NA,NA,0.776981273014085,NA,NA,2.24792751344359,NA,NA,NA,NA,NA,NA,NA,NA,NA,NA,NA,NA,5,6.91488338636205,NA,NA,NA,NA,4.52160043972373,NA,4.7714894695006,NA,NA,NA,4.7714894695006,NA,2.58496250072116,3,4.58496250072116,3.99734554655402,3,4.45022149589718,NA,2.41503749927884,5.67807190511264,2.58496250072116,0
"110","A/SWINE/ARGENTINA/RPEREZBSAS/A160/2011",NA,NA,4.34482849699744,7.81538329581354,7.03809592468451,7.58571370877817,8.50957709019796,NA,NA,NA,NA,NA,NA,NA,NA,NA,NA,NA,NA,NA,NA,NA,NA,NA,NA,NA,NA,NA,NA,NA,NA,NA,5.08480838780436,4.18652696877944,NA,NA,3.4998458870832,NA,NA,NA,NA,NA,NA,NA,NA,NA,NA,NA,NA,NA
"111","A/SWINE/INDIANA/A01260591/2014",NA,NA,NA,NA,4.03809592468451,NA,5.92461458947681,NA,NA,1.77698127301408,4.53915881110803,NA,NA,NA,NA,NA,NA,NA,NA,NA,NA,NA,NA,NA,NA,1.41503749927884,5.4998458870832,NA,NA,NA,NA,NA,NA,6.7714894695006,NA,NA,NA,3.18652696877944,NA,3,NA,NA,NA,NA,4.18718709006339,NA,5.41503749927884,NA,NA,4.41503749927884
"112","A/SWINE/CALIFORNIA/A01459016/2015",NA,NA,7.6667565918848,NA,4.45313342396336,NA,5.92461458947681,NA,NA,0.776981273014085,4.53915881110803,NA,NA,NA,NA,NA,NA,NA,NA,NA,NA,NA,NA,NA,NA,1.67807190511264,4.4998458870832,NA,NA,NA,NA,NA,NA,6.18652696877944,NA,NA,NA,3.7714894695006,NA,3,NA,NA,NA,NA,3.45022149589718,NA,5.41503749927884,NA,NA,5
"113","A/SWINE/MINNESOTA/A01847477/2015",NA,NA,NA,NA,5.03809592468451,NA,6.50957709019796,NA,NA,1.77698127301408,4.53915881110803,NA,NA,NA,NA,NA,NA,NA,NA,NA,NA,NA,NA,NA,NA,2.41503749927884,5.4998458870832,NA,NA,NA,NA,NA,NA,6.7714894695006,NA,NA,NA,4.7714894695006,NA,3.58496250072116,NA,NA,NA,NA,4.18718709006339,NA,5.41503749927884,NA,NA,5
"114","A/SWINE/ILLINOIS/A02076652/2015",NA,NA,7.6667565918848,NA,6.03809592468451,NA,7.1876489953106,NA,NA,1.77698127301408,5.53915881110803,NA,5.83289001416474,NA,NA,NA,NA,NA,NA,NA,NA,NA,NA,NA,NA,3,5.4998458870832,NA,NA,NA,NA,NA,NA,6.7714894695006,NA,NA,NA,4.7714894695006,NA,4,NA,NA,NA,NA,4.77214959078454,NA,5.41503749927884,NA,NA,5
"115","A/SWINE/IOWA/A01733626/2016",NA,NA,7.6667565918848,NA,4.45313342396336,NA,6.33965208875565,NA,NA,1.36194377373524,3.95419631038688,NA,5.24792751344359,NA,NA,NA,NA,NA,NA,NA,NA,NA,NA,NA,NA,5,6.4998458870832,NA,NA,NA,NA,NA,NA,4.18652696877944,NA,NA,NA,5.18652696877944,NA,3,NA,NA,NA,NA,3.18718709006339,NA,4.67807190511264,NA,NA,3
"116","A/SWINE/MINNESOTA/A01365586/2013",NA,NA,5.6667565918848,NA,5.45313342396336,NA,6.50957709019796,NA,NA,5.04001567884788,3.95419631038688,NA,3.51096191927738,NA,NA,NA,NA,NA,NA,NA,NA,NA,NA,NA,NA,1.91253715874966,4.4998458870832,NA,NA,NA,NA,NA,NA,5.18652696877944,NA,NA,NA,5.7714894695006,NA,NA,NA,NA,NA,NA,4.18718709006339,NA,3.67807190511264,NA,NA,4
"117","A/SWINE/IOWA/A01432770/2013",NA,NA,7.6667565918848,NA,4.45313342396336,NA,5.92461458947681,NA,NA,0.776981273014085,4.53915881110803,NA,NA,NA,NA,NA,NA,NA,NA,NA,NA,NA,NA,NA,NA,5.41503749927884,4.4998458870832,NA,NA,NA,NA,NA,NA,7.7714894695006,NA,NA,NA,4.18652696877944,NA,3.58496250072116,NA,NA,NA,NA,3.77214959078454,NA,5,NA,NA,4.41503749927884
"118","A/SWINE/ILLINOIS/A01728585/2015",NA,NA,6.6667565918848,NA,NA,NA,NA,NA,NA,4.77698127301408,0.954196310386877,NA,3.24792751344359,NA,NA,NA,NA,NA,NA,NA,NA,NA,NA,NA,NA,5,6.91488338636205,NA,NA,NA,NA,5.52160043972373,NA,4.7714894695006,NA,NA,NA,7.18652696877944,NA,6.58496250072116,NA,NA,NA,NA,5.77214959078454,NA,3,NA,NA,1.41503749927884
"119","A/SWINE/ILLINOIS/A01462475/2015",NA,NA,6.6667565918848,NA,NA,NA,NA,NA,NA,3.77698127301408,0.954196310386877,NA,2.83289001416474,NA,NA,NA,NA,NA,NA,NA,NA,NA,NA,NA,NA,4,6.4998458870832,NA,NA,NA,NA,4.52160043972373,NA,4.7714894695006,NA,NA,NA,6.18652696877944,NA,5.58496250072116,NA,NA,NA,NA,4.77214959078454,NA,3,NA,NA,0.830074998557688
"120","A/SWINE/INDIANA/A01812162/2016",NA,NA,7.08179409116365,NA,6.45313342396336,NA,7.50957709019796,NA,NA,5.04001567884788,4.95419631038688,NA,4.51096191927738,NA,NA,NA,NA,NA,NA,NA,NA,NA,NA,NA,NA,2.91253715874966,5.4998458870832,NA,NA,NA,NA,6.52160043972373,NA,4.7714894695006,NA,NA,NA,5.7714894695006,NA,NA,NA,NA,NA,NA,5.18718709006339,NA,5.41503749927884,NA,NA,4.41503749927884
"121","A/SWINE/ILLINOIS/A01475803/2014",NA,NA,6.34482849699744,6.81538329581354,8.03809592468451,NA,7.50957709019796,NA,NA,4.36194377373524,2.95419631038688,NA,4.24792751344359,NA,NA,NA,NA,NA,NA,NA,NA,NA,NA,NA,NA,5,3.91488338636205,NA,NA,NA,NA,5.52160043972373,NA,5.18652696877944,NA,NA,NA,6.18652696877944,NA,6.58496250072116,NA,NA,NA,NA,5.77214959078454,NA,4.41503749927884,NA,NA,2.67807190511264
"122","A/SWINE/MINNESOTA/A01480518/2014",NA,NA,NA,NA,4.71616782979715,NA,7.1876489953106,NA,NA,1.77698127301408,3.95419631038688,NA,5.83289001416474,NA,NA,NA,NA,NA,NA,NA,NA,NA,NA,NA,NA,6,6.91488338636205,NA,NA,NA,NA,NA,NA,5.18652696877944,NA,NA,NA,5.7714894695006,NA,3.58496250072116,NA,NA,NA,NA,4.18718709006339,NA,4.41503749927884,NA,NA,3.41503749927884
"123","A/SWINE/NORTHCAROLINA/A01476722/2014",NA,NA,6.6667565918848,NA,8.03809592468451,NA,8.50957709019796,NA,NA,2.04001567884788,0.217230716220669,NA,3.24792751344359,NA,NA,NA,NA,NA,NA,NA,NA,NA,NA,NA,NA,3.41503749927884,4.91488338636205,NA,NA,NA,NA,4.52160043972373,NA,4.7714894695006,NA,NA,NA,5.7714894695006,NA,4.58496250072116,NA,NA,NA,NA,4.45022149589718,NA,2,NA,NA,-0.321928094887364
"124","A/SWINE/INDIANA/A01260268/2013",NA,NA,6.6667565918848,NA,NA,NA,NA,NA,NA,3.36194377373524,-0.460841188891967,NA,2.24792751344359,NA,NA,NA,NA,NA,NA,NA,NA,NA,NA,NA,NA,5,6.91488338636205,NA,NA,NA,NA,5.93663793900257,NA,3.7714894695006,NA,NA,NA,4.18652696877944,NA,5.26303440583379,NA,NA,NA,NA,4.77214959078454,NA,3,NA,NA,-0.169925001442312
"125","A/SWINE/MINNESOTA/A01049936/2011",NA,NA,NA,NA,NA,NA,NA,NA,NA,3.36194377373524,1.95419631038688,NA,4.83289001416474,NA,NA,NA,NA,NA,NA,NA,NA,NA,NA,NA,NA,2.67807190511264,3.91488338636205,NA,NA,NA,NA,NA,NA,6.7714894695006,NA,NA,NA,5.7714894695006,NA,4.58496250072116,NA,NA,NA,NA,5.77214959078454,NA,3.41503749927884,NA,NA,1.83007499855769
"126","A/SWINE/MINNESOTA/A01277201/2012",NA,NA,6.6667565918848,NA,NA,NA,NA,NA,NA,3.36194377373524,1.95419631038688,NA,4.24792751344359,NA,NA,NA,NA,NA,NA,NA,NA,NA,NA,NA,NA,6,5.4998458870832,NA,NA,NA,NA,6.52160043972373,NA,6.7714894695006,NA,NA,NA,5.7714894695006,NA,5,NA,NA,NA,NA,NA,NA,3,NA,NA,1.67807190511264
"127","A/SWINE/NORTHCAROLINA/A01730588/2016",NA,NA,NA,NA,NA,NA,6.50957709019796,NA,NA,-0.223018726985915,3.95419631038688,NA,NA,NA,NA,NA,NA,NA,NA,NA,NA,NA,NA,NA,NA,1.91253715874966,5.4998458870832,NA,NA,NA,NA,NA,NA,6.44956137461324,NA,NA,NA,2.7714894695006,NA,1.58496250072116,NA,NA,NA,NA,3.45022149589718,NA,6.41503749927884,NA,NA,4.41503749927884
"128","A/SWINE/IOWA/A01730108/2016",NA,NA,7.6667565918848,NA,4.03809592468451,NA,6.50957709019796,NA,NA,5.04001567884788,3.21723071622067,NA,4.24792751344359,NA,NA,NA,NA,NA,NA,NA,NA,NA,NA,NA,NA,2.91253715874966,3.91488338636205,NA,NA,NA,NA,5.52160043972373,NA,4.7714894695006,NA,NA,NA,6.7714894695006,NA,NA,NA,NA,NA,NA,4.45022149589718,NA,5,NA,NA,3.41503749927884
"129","A/SWINE/MINNESOTA/A01471950/2015",NA,NA,7.6667565918848,NA,NA,NA,NA,NA,NA,2.36194377373524,1.95419631038688,NA,5.24792751344359,NA,NA,NA,NA,NA,NA,NA,NA,NA,NA,NA,NA,6,6.17791779219584,NA,NA,NA,NA,NA,NA,7.18652696877944,NA,NA,NA,5.7714894695006,NA,4,NA,NA,NA,NA,4.77214959078454,NA,4.41503749927884,NA,NA,2.41503749927884
"130","A/SWINE/OKLAHOMA/A01776961/2016",NA,NA,NA,NA,NA,NA,7.50957709019796,NA,NA,0.361943773735241,3.53915881110803,NA,5.83289001416474,NA,NA,NA,NA,NA,NA,NA,NA,NA,NA,NA,NA,6,6.91488338636205,NA,NA,NA,NA,NA,NA,6.18652696877944,NA,NA,NA,3.7714894695006,NA,2.58496250072116,NA,NA,NA,NA,4.77214959078454,NA,4.67807190511264,NA,NA,4
"131","A/SWINE/NORTHCAROLINA/A01732564/2016",NA,NA,6.6667565918848,NA,5.03809592468451,NA,6.50957709019796,NA,NA,4.36194377373524,4.21723071622067,NA,4.83289001416474,NA,NA,NA,NA,NA,NA,NA,NA,NA,NA,NA,NA,2.91253715874966,3.91488338636205,NA,NA,NA,NA,6.52160043972373,NA,4.7714894695006,NA,NA,NA,6.18652696877944,NA,NA,NA,NA,NA,NA,3.77214959078454,NA,6,NA,NA,4
"132","A/SWINE/IOWA/A01729543/2016",NA,NA,7.6667565918848,NA,NA,NA,NA,NA,NA,2.19201877229293,0.954196310386877,NA,3.24792751344359,NA,NA,NA,NA,NA,NA,NA,NA,NA,NA,NA,NA,3,7.4998458870832,NA,NA,NA,NA,5.52160043972373,NA,4.18652696877944,NA,NA,NA,4.44956137461324,NA,4,NA,NA,NA,NA,4.18718709006339,NA,3.41503749927884,NA,NA,-0.169925001442312
"133","A/SWINE/NEBRASKA/A01478775/2015",NA,NA,6.6667565918848,NA,NA,NA,NA,NA,NA,1.36194377373524,0.539158811108033,NA,2.83289001416474,NA,NA,NA,NA,NA,NA,NA,NA,NA,NA,NA,NA,3.83007499855769,6.91488338636205,NA,NA,NA,NA,5.93663793900257,NA,4.18652696877944,NA,NA,NA,4.18652696877944,NA,4,NA,NA,NA,NA,5.18718709006339,NA,2.41503749927884,NA,NA,-0.169925001442312
"134","A/SWINE/ILLINOIS/A01555638/2015",NA,NA,NA,NA,8.03809592468451,NA,6.50957709019796,NA,NA,0.776981273014085,3.53915881110803,NA,5.83289001416474,NA,NA,NA,NA,NA,NA,NA,NA,NA,NA,NA,NA,4,6.91488338636205,NA,NA,NA,NA,NA,NA,6.18652696877944,NA,NA,NA,2.7714894695006,NA,3,NA,NA,NA,NA,4.77214959078454,NA,5.83007499855769,NA,NA,5
