"","matrix.nrow...nrow.hiData..","A.WUHAN.359.1995","A.SYDNEY.5.1997","A.MOSCOW.10.1999","A.FUJIAN.411.2002","A.WISCONSIN.67.2005","A.BRISBANE.10.2007","A.PERTH.16.2009","A.VICTORIA.361.2011","A.SWINE.TEXAS.4199.1.1998","A.SWINE.COLORADO.23619.1999","A.SWINE.MINNESOTA.1146.2006","A.SWINE.IOWA.1700.2007","A.SWINE.MINNESOTA.2782.2009","A.SWINE.ILLINOIS.2970.2009","A.INDIANA.8.2011","A.SWINE.NEWYORK.A01104005.2011","A.SWINE.INDIANA.A00968373.2012","A.SWINE.INDIANA.A01202866.2011","A.SWINE.ILLINOIS.A01201606.2011","A.SWINE.IOWA.A01202613.2011","A.SWINE.IOWA.A01049750.2011","A.SWINE.TEXAS.A01049914.2011","A.SWINE.MICHIGAN.A01432375.2013","A.SWINE.IOWA.A01432500.2013","A.SWINE.MINNESOTA.A01432544.2013","A.SWINE.MINNESOTA.A01280592.2013","A.TURKEY.OHIO.313053.2004","A.SWINE.IOWA.A01480656.2014","A.SWINE.WYOMING.A01444562.2013","A.SWINE.PENNSYLVANIA.A01076777.2010","A.SWINE.MISSOURI.A01410819.2014"
"1","A/WUHAN/359/1995",0,4.17791779219584,6.58496250072116,7.51457317282976,7.58496250072116,8.09953567355091,8.28606264233036,8,2.27146302790437,NA,NA,3.81427944542364,4.83602972169531,NA,6.32192809488736,4.74774543291945,6.37706964907982,6.0668864798071,4.58496250072116,5.4998458870832,3.72201525270023,3.26118767150716,NA,NA,NA,NA,NA,NA,NA,NA,NA
"2","A/SYDNEY/5/1997",0.201928318776732,0,2.31256599168367,2.22785040921546,8.09953567355091,6.75714347610384,9.92349256294565,NA,5.760501108627,NA,NA,4.762880292917,4.60156446805829,NA,7.73696559416621,NA,9.47393118833241,NA,NA,7.15880896924814,7.15200309344505,NA,NA,NA,NA,NA,NA,NA,NA,NA,NA
"3","A/MOSCOW/10/1999",4.61470984411521,2.91488338636205,0,2.22785040921546,5.58496250072116,5.26303440583379,8.84549005094438,NA,4.68650052718322,NA,NA,4.762880292917,4.0990641275291,NA,7.73696559416621,7.48471102708566,NA,9.12133426382947,NA,7.12133426382947,NA,NA,NA,NA,NA,NA,NA,NA,NA,NA,9.73696559416621
"4","A/FUJIAN/411/2002",4.35167543828141,NA,4,0,2.85025288049532,1.58496250072116,4.50096052711988,4.1198042710569,8.89295140465064,NA,NA,NA,9.39297784624687,NA,NA,NA,8.39592867633114,NA,NA,7.31927364144138,NA,NA,NA,NA,NA,NA,NA,NA,NA,NA,0.263034405833793
"5","A/WISCONSIN/67/2005",0.614709844115207,NA,3,2,0,-0.415037499278844,2.18652696877944,1.57667395293011,NA,NA,NA,8.70629676455063,8.7714894695006,NA,NA,NA,NA,NA,NA,8.15880896924814,NA,NA,NA,NA,NA,NA,NA,NA,NA,NA,3
"6","A/BRISBANE/10/2007",3.00117819119728,NA,6,4.72947105761928,2,0,4.7714894695006,4,NA,NA,NA,NA,NA,NA,NA,NA,NA,NA,NA,NA,NA,NA,NA,NA,NA,NA,NA,NA,NA,NA,NA
"7","A/PERTH/16/2009",3.76671293756026,NA,7.58496250072116,7.23446525363702,4.31443355834044,0.584962500721156,0,0.250130572603155,NA,NA,NA,8.15880896924814,NA,NA,7.73696559416621,2.56187888760812,3,NA,5.20645087746743,4.26207823985984,1.50174913247217,6.92415268422959,NA,NA,NA,NA,NA,NA,NA,NA,5
"8","A/VICTORIA/361/2011",4.7039771822123,NA,NA,8.32192809488736,4.45567948377619,1.56370488016064,1.43654583877398,0,NA,NA,NA,NA,NA,NA,NA,2.1587810016408,3.98564470702293,NA,5.20645087746743,5.70629676455063,2.75968567066629,NA,NA,NA,5.41503749927884,5,NA,NA,NA,NA,4
"9","A/SWINE/TEXAS/4199/1/1998",0.500342819163208,5.67202686246589,5.81942775435818,NA,9.73696559416621,8.65896308216493,9.92349256294565,NA,0,NA,NA,4.4998458870832,3.7714894695006,6.15200309344505,7.73696559416621,4.3327079336406,8.39592867633114,6.91488338636205,NA,5.85214763101409,3.72201525270023,3.18718709006339,NA,NA,NA,NA,NA,NA,NA,NA,9.73696559416621
"10","A/SWINE/COLORADO/23619/1999",3.43838707147474,3.5043613682057,3.58947798184365,1,7,5,NA,NA,4.00093408552366,NA,NA,2.68906005962533,3.59556572743684,6.15200309344505,NA,6.40670851508438,7.35845397091248,6.86757767158369,NA,3.4998458870832,5.03652587602511,4.18718709006339,NA,NA,NA,6.58496250072116,NA,NA,NA,NA,1.58496250072116
"11","A/SWINE/MINNESOTA/1146/2006",6.35167543828141,NA,6,NA,NA,NA,8.84549005094438,NA,6.59339112279174,NA,NA,1.64768054353155,1.43788684123232,2.56704059272389,4.2203900684253,1.703351313561,3.14600435282361,6.77737986261211,5,2.7132495251924,2.18237674248857,1.83668984297925,NA,5,NA,NA,NA,NA,NA,NA,NA
"12","A/SWINE/IOWA/1700/2007",6.01063852044635,NA,8.73696559416621,NA,NA,NA,NA,NA,6.18400018665403,NA,NA,0,1.27164358241739,1.22917095396751,4.30697775342139,2.06217899125989,4.23871472663838,7.01441905991296,NA,2.99946871844699,2.91253715874966,3.49416484348478,NA,NA,NA,NA,NA,NA,NA,NA,9.73696559416621
"13","A/SWINE/MINNESOTA/2782/2009",4.50367853172646,NA,7.15200309344505,NA,NA,NA,9.92349256294565,NA,3.59903768593288,NA,NA,-0.686681081696237,0,-0.501439145158873,3.31443355834044,0.74774543291945,3.32192809488736,4.56438613927792,4.58496250072116,2.08480838780436,1.22917095396751,1.68893622253556,NA,NA,NA,NA,NA,NA,NA,NA,NA
"14","A/SWINE/ILLINOIS/2970/2009",7.08864103244762,NA,8.20645087746743,NA,NA,NA,NA,NA,7.00842862207058,NA,NA,1.99946871844699,1.50002644159622,0,4.81942775435818,4.3327079336406,4.23871472663838,6.51799323379346,NA,3.648513267965,4.9296106721086,5.2867227636143,NA,NA,NA,NA,NA,NA,NA,NA,NA
"15","A/SWINE/PENNSYLVANIA/A01076777/2010",5.67360353316878,NA,7.65896308216493,NA,NA,9.20645087746743,7.00595472313762,7.70721825077215,4.68650052718322,NA,NA,-0.186654640100013,0.834851530498028,1.72947105761928,-0.415037499278844,-1.00089469462768,1.4036611357948,4.32192809488736,1.43928504552552,1.02303219021767,1.55705650415127,2.73652568105382,NA,NA,NA,NA,NA,NA,NA,NA,NA
"16","A/INDIANA/8/2011",5.93663793900257,NA,6.51457317282976,NA,NA,8.65896308216493,7.7011001416092,7.67807190511264,6.68650052718322,NA,NA,1.58496250072116,1.68668108169624,NA,0,-0.667292066359394,2.05046506698299,6.41238304583287,4.65896308216493,4.26207823985984,4.51457317282976,4.50911518495075,NA,NA,NA,NA,NA,NA,NA,NA,NA
"17","A/SWINE/NEWYORK/A01104005/2011",5.55812631574884,NA,7.58496250072116,NA,NA,8.65896308216493,8.5084550636668,8.36773178450049,4.10153802646206,NA,NA,1.49984588708321,2.43878153585999,NA,1.74198366893283,0,1.08687123218026,3.98888396780583,5.20645087746743,2.8502304280198,4.25583890442959,2.93420634889352,NA,4.41503749927884,NA,NA,NA,NA,NA,NA,NA
"18","A/SWINE/INDIANA/A00968373/2012",3.93663793900257,NA,5.81942775435818,8,9.20645087746743,5.91820590883635,7.00595472313762,6.42711033157942,3.03688506811981,NA,NA,1.08480838780436,0.500026441596225,2.41503749927884,0.584962500721156,-1.66729206635939,0,2.99840674192433,1.76733924320973,1.762880292917,1.3275746580285,1.68893622253556,NA,NA,NA,NA,NA,NA,NA,NA,9.73696559416621
"19","A/SWINE/ILLINOIS/A01241469/2012",5.35167543828141,NA,NA,NA,NA,NA,8.18652696877944,6.67807190511264,3.10153802646206,NA,NA,0.499845887083206,1.7714894695006,NA,1.58496250072116,-0.1671379534426,1,4.22931694470249,4.65896308216493,2.91488338636205,2.83007499855769,2.50162064840382,NA,NA,NA,NA,NA,NA,NA,NA,NA
"20","A/SWINE/MICHIGAN/A01259000/2012",5.35167543828141,NA,NA,NA,NA,9.73696559416621,8.7714894695006,9.07400058144378,4.83183989034726,NA,NA,1.81334535989999,2.7714894695006,6.15200309344505,1.31256599168367,0.560558342856062,1.58721847466152,2.99840674192433,3.26303440583379,1.91488338636205,2.67807190511264,2.77214959078454,NA,NA,NA,NA,NA,NA,NA,NA,NA
"21","A/SWINE/INDIANA/A01202866/2011",6.55812631574884,NA,8.20645087746743,NA,NA,NA,8.84549005094438,9.07400058144378,5.18400018665403,NA,NA,3.26207823985984,3.60156446805829,NA,NA,2.56187888760812,4.32192809488736,0,NA,5.57384646852698,2.91253715874966,3.33919018350844,NA,NA,NA,NA,NA,NA,NA,NA,NA
"22","A/SWINE/ILLINOIS/A01201606/2011",NA,NA,NA,NA,NA,NA,6.49350472220083,6.86249647625006,7.34546360934815,NA,NA,2.762880292917,4.00066042346811,4.03652587602511,2.81413345468867,0.247368264283235,2.73696559416621,6.22186113978344,0,1.49984588708321,4.67807190511264,4.18718709006339,NA,NA,NA,NA,NA,NA,NA,NA,8.65896308216493
"23","A/SWINE/IOWA/A01202613/2011",6.55812631574884,8.65184898052826,7.15200309344505,NA,9.73696559416621,NA,7.18652696877944,7.56704059272389,6.52730193233396,NA,NA,0.762880292916998,2.44956137461324,3.23446525363702,3.49749965947082,1.56187888760812,3.32192809488736,5.91488338636205,3,0,1.7635073816187,3.6846867495342,NA,NA,NA,NA,NA,NA,NA,NA,NA
"24","A/SWINE/IOWA/A01202889/2011",NA,NA,7.58496250072116,NA,NA,NA,7.18652696877944,7.05514155419246,7.30798890392949,NA,NA,1,2.27164358241739,2.22389601192684,2.58496250072116,0.332707933640606,4.05139915250664,7.01441905991296,1.31443355834044,1,2.76733924320972,3.94433056616722,NA,NA,NA,NA,NA,NA,NA,NA,NA
"25","A/SWINE/IOWA/A01203196/2012",2.84917509775223,NA,NA,NA,NA,NA,9.92349256294565,NA,4.50063398187188,NA,NA,3.762880292917,4.18652696877944,3.23446525363702,NA,5.56717318727763,6.08926733809709,3.76378225921139,4.32192809488736,2.99946871844699,2.41503749927884,3.827291144977,NA,NA,NA,NA,NA,NA,NA,NA,NA
"26","A/SWINE/IOWA/A01049750/2011",3.35167543828141,7.23681148124941,5.30697775342139,NA,8.58496250072116,8,8.7714894695006,10.152003093445,2.94953493301701,NA,NA,0.499845887083206,0.500026441596225,2.41503749927884,3.58496250072116,0.0612449057362312,2.38529015588479,3.41450621772583,4.65896308216493,2.08480838780436,0,0.187187090063388,NA,NA,NA,NA,NA,NA,NA,NA,NA
"27","A/SWINE/TEXAS/A01049914/2011",3.50367853172646,NA,5.49749965947082,NA,NA,9.73696559416621,9.92349256294565,9.62148837674627,3.03688506811981,NA,NA,0.499845887083206,0.771489469500599,2.41503749927884,3.58496250072116,0.74774543291945,2.73696559416621,3.56203071827979,5.20645087746743,2.08480838780436,0,0,NA,NA,NA,NA,NA,NA,NA,NA,NA
"28","A/SWINE/ILLINOIS/A01241066/2012",3.35167543828141,NA,6.58496250072116,NA,NA,9.73696559416621,8.84549005094438,10.152003093445,3.10153802646206,NA,NA,0.499845887083206,0.771489469500599,2.06454025219471,2.58496250072116,0.74774543291945,2.73696559416621,3.91488338636205,4.65896308216493,2.81241187876688,0.415037499278844,0.499753081747057,NA,NA,NA,NA,NA,NA,NA,NA,NA
"29","A/SWINE/NEBRASKA/A01241171/2012",2.84917509775223,NA,6.51457317282976,6.9296106721086,8.58496250072116,9.20645087746743,9.92349256294565,NA,4.68650052718322,NA,NA,6.25698936318704,6.49350472220083,NA,5.58496250072116,6.40670851508438,9.47393118833241,8.57384646852698,NA,9.23681148124941,3.18237674248857,6.92415268422959,NA,NA,NA,NA,NA,NA,NA,NA,NA
"30","A/SWINE/IOWA/A01203121/2012",4.35167543828141,NA,6.58496250072116,NA,NA,9.73696559416621,9.92349256294565,NA,3.53539940003256,NA,NA,1.08480838780436,1,3.23446525363702,3.08671163319333,1.33270793364061,3.55109904885487,4.76649154646938,5.20645087746743,2.99946871844699,0.415037499278844,0.499753081747057,NA,NA,NA,NA,NA,NA,NA,NA,NA
"31","A/SWINE/IOWA/A01300195/2012",7.08864103244762,NA,NA,9.15200309344505,7,3.14866738088179,4.7714894695006,4.06218483119658,5.99347828060461,NA,NA,2.49984588708321,2.50002644159622,5.62148837674627,2.08671163319333,-0.438781535859993,1.73696559416621,3.91488338636205,1.14533936316404,1.762880292917,2.06454025219471,2.60222458934223,NA,NA,NA,NA,NA,NA,NA,NA,NA
"32","A/SWINE/MINNESOTA/A01125993/2012",3.76671293756026,7.57384646852698,NA,8.62148837674627,NA,6.60310984743141,6.18652696877944,7.41503749927884,5.27146302790437,NA,NA,4.58655752027654,5.68402662825026,NA,4.26303440583379,2.3327079336406,5.5458241068142,5.4998458870832,5.73696559416621,4.91488338636205,3.91253715874966,4.80867546680966,NA,NA,NA,NA,NA,NA,NA,NA,NA
"33","A/SWINE/MINNESOTA/A01300213/2012",NA,NA,NA,9.15200309344505,NA,8.32192809488736,6.18652696877944,6.41503749927884,7.68650052718322,NA,NA,2.49984588708321,2.99933987871606,3.05514155419246,1.58496250072116,0.332707933640606,2.73696559416621,5.91488338636205,3,2.49984588708321,4.25583890442959,4.84615017222832,NA,NA,NA,NA,NA,NA,NA,NA,NA
"34","A/SWINE/MINNESOTA/A01327922/2012",NA,NA,NA,9.15200309344505,NA,5.76733924320972,6.18652696877944,5.67807190511264,7.5059282815414,NA,NA,1.99946871844699,2.7714894695006,4.03652587602511,3,0.332707933640606,1.73696559416621,4.4998458870832,2.64010405491362,1.81334535989999,3.3332434081152,4.02798849521413,NA,NA,NA,NA,NA,NA,NA,NA,NA
"35","A/SWINE/MICHIGAN/A01432375/2013",NA,NA,NA,NA,NA,NA,NA,7.67807190511264,NA,NA,NA,NA,NA,NA,NA,2.3327079336406,2.73696559416621,0.499845887083206,4.58496250072116,4.4998458870832,3,2.18718709006339,NA,6.67807190511264,9,5.26303440583379,NA,NA,NA,NA,NA
"36","A/SWINE/IOWA/A01432500/2013",NA,NA,NA,NA,NA,NA,NA,9,NA,NA,NA,NA,NA,NA,NA,5.74774543291945,8.32192809488736,6.4998458870832,NA,5.4998458870832,4.67807190511264,4.77214959078454,NA,0,NA,5.41503749927884,NA,NA,NA,NA,NA
"37","A/SWINE/MINNESOTA/A01432544/2013",NA,NA,NA,NA,NA,NA,NA,5.41503749927884,NA,NA,NA,NA,NA,NA,NA,-0.25225456708055,1.32192809488736,3.49984588708321,0,0.762880292916998,2.41503749927884,2.45022149589718,NA,6,0,0,NA,NA,NA,NA,NA
"38","A/SWINE/MINNESOTA/A01280592/2013",NA,NA,NA,NA,NA,NA,NA,6.41503749927884,NA,NA,NA,NA,NA,NA,NA,-0.667292066359394,1,1.49984588708321,1.58496250072116,1.762880292917,-0.169925001442312,1.60222458934223,NA,7,4,0,NA,NA,NA,NA,NA
"39","A/SWINE/MINNESOTA/1146/2006",NA,NA,5.58496250072116,NA,NA,NA,8.18652696877944,NA,6.86547066822854,NA,NA,1.08480838780436,2.62989319111678,1.41503749927884,3.87346759407107,2.14684138832927,3.55109904885487,5.74495838491974,5.73696559416621,1.81334535989999,2.06454025219471,2.22989154101762,NA,4.75207248655641,5.91253715874966,5.59400764032416,NA,4.4654722207946,NA,NA,9.73696559416621
"40","A/SWINE/WYOMING/A01444562/2013",NA,NA,NA,NA,NA,NA,NA,5.91253715874966,NA,NA,NA,NA,NA,NA,NA,-0.25225456708055,3,6.91488338636205,5.73696559416621,3.99734554655402,4.01814734671026,4.18718709006339,NA,2,5.67807190511264,2.58496250072116,NA,NA,NA,NA,NA
"41","A/SWINE/MINNESOTA/A01125993/2012",NA,NA,NA,NA,NA,NA,NA,8.41503749927884,NA,NA,NA,NA,NA,NA,NA,3.3327079336406,4.73696559416621,4.91488338636205,4.65896308216493,3.04041426844591,4.41503749927884,5.18718709006339,NA,3.41503749927884,4,2,NA,NA,NA,NA,NA
"42","A/SWINE/NORTH CAROLINA/A01432566/2013",NA,NA,NA,NA,NA,NA,NA,8,NA,NA,NA,NA,NA,NA,NA,1.74774543291945,5.15200309344505,4.17791779219584,4.58496250072116,7.4998458870832,4.41503749927884,5.84615017222832,NA,2.41503749927884,8.03652587602511,7.58496250072116,NA,NA,NA,NA,NA
"43","A/SWINE/MICHIGAN/A01203498/2012",NA,NA,NA,NA,NA,NA,NA,10.152003093445,NA,NA,NA,NA,NA,NA,NA,2.01077983875324,5.23446525363702,4.91488338636205,4,2.08480838780436,2.67807190511264,4.45022149589718,NA,3.41503749927884,5.67807190511264,3.58496250072116,NA,NA,NA,NA,NA
"44","A/SWINE/NEBRASKA/A01271549/2012",NA,NA,NA,NA,NA,NA,NA,NA,NA,NA,NA,NA,NA,NA,NA,6.33270793364061,9.47393118833241,8.49984588708321,NA,9.23681148124941,7.15200309344505,NA,NA,1,NA,8.65896308216493,NA,NA,NA,NA,NA
"45","A/TURKEY/OHIO/313053/2004",NA,NA,NA,NA,NA,NA,NA,9,NA,NA,NA,NA,NA,NA,NA,1.01077983875324,3.32192809488736,7.4998458870832,4.58496250072116,2.762880292917,2.41503749927884,1.18718709006339,NA,4.41503749927884,6,4,NA,NA,NA,NA,NA
"46","A/SWINE/NEW YORK/A01104005/2011",NA,NA,6.58496250072116,NA,NA,NA,7.7714894695006,8.46394709975979,4.55996812125429,NA,NA,1.49984588708321,2.41305804087425,3.41503749927884,1.93822380241331,-0.238665502332596,2,4.89696147836479,4,3.4998458870832,1.83007499855769,3.06065468413446,NA,4.83007499855769,4.41503749927884,2,NA,2.9104112057873,NA,NA,NA
"47","A/SWINE/IOWA/A01480656/2014",2.24733877846668,5.20706413785536,7,7.32192809488736,NA,NA,9.92349256294565,NA,NA,NA,NA,2.49984588708321,3.7075551637465,6.15200309344505,3.04270445095424,0.646207406457387,2.15200309344505,4.56910854952032,NA,4.4998458870832,2.83007499855769,3.02798849521413,NA,2.22258028448417,6.67807190511264,2,NA,0,NA,NA,NA
"48","A/SWINE/IOWA/A01432826/2013",NA,NA,7.58496250072116,NA,NA,8,6.18652696877944,5.67807190511264,6.28961037461463,NA,NA,1.762880292917,2.7714894695006,4.41503749927884,1.58496250072116,-0.667292066359394,2.73696559416621,4.91488338636205,3,1.91488338636205,3.67807190511264,3.45022149589718,NA,6,1,0.584962500721156,NA,4.16591193893569,NA,NA,NA
"49","A/SWINE/IOWA/A01290671/2013",5.93663793900257,NA,6.58496250072116,9.15200309344505,8.65896308216493,5.26303440583379,6.18652696877944,5.41503749927884,7.30798890392949,NA,NA,1.08480838780436,1.7714894695006,3.41503749927884,1.58496250072116,-0.667292066359394,2.32192809488736,4.91488338636205,2,2.49984588708321,2.83007499855769,3.45022149589718,NA,4.41503749927884,0.415037499278844,1,NA,3.58094943821453,NA,NA,NA
"50","A/SWINE/ILLINOIS/A01555180/2014",7.08864103244762,NA,7,NA,NA,5.58496250072116,7.18652696877944,6.83007499855769,8.34546360934815,NA,NA,2.49984588708321,3.7714894695006,4.41503749927884,3.58496250072116,1.74774543291945,4.73696559416621,4.17791779219584,4.65896308216493,3.762880292917,4.41503749927884,4.77214959078454,NA,6,3.41503749927884,2.26303440583379,NA,4.16591193893569,NA,NA,NA
"51","A/SWINE/ARKANSAS/A01840240/2014",NA,NA,5.26303440583379,9.15200309344505,NA,4,5.18652696877944,7,7.30798890392949,NA,NA,2.49984588708321,2.18652696877944,3.41503749927884,2,1.01077983875324,4.32192809488736,3.91488338636205,3,1.91488338636205,2.91253715874966,3.77214959078454,NA,5.41503749927884,0.415037499278844,1,NA,3.16591193893569,NA,NA,NA
"52","A/SWINE/ILLINOIS/A0120784/2012",4.93663793900257,7.57384646852698,6.58496250072116,NA,NA,8.58496250072116,7.18652696877944,8.03652587602511,3.27371900184474,NA,NA,0.499845887083206,0.771489469500599,3.41503749927884,1,-0.25225456708055,1.73696559416621,5.4998458870832,4.58496250072116,1.762880292917,2,3.18718709006339,NA,4.41503749927884,4.41503749927884,4.58496250072116,NA,2.58094943821453,NA,NA,NA
"53","A/SWINE/ILLINOIS/A01327868/2012",3.35167543828141,8.65184898052826,NA,NA,NA,NA,NA,NA,4.27597850902687,NA,NA,4.762880292917,4.44956137461324,NA,6.65896308216493,2.74774543291945,6,6.91488338636205,NA,5.4998458870832,6.07400058144378,4.18718709006339,NA,4,8.03652587602511,7,NA,1.58094943821453,NA,NA,NA
"54","A/SWINE/ILLINOIS/A01493027/2014",2.35167543828141,7.57384646852698,NA,NA,NA,NA,9.92349256294565,NA,5.28050816750738,NA,NA,5.08480838780436,5.18652696877944,NA,NA,4.74774543291945,6.34007544159762,7.53637176310832,NA,5.91488338636205,NA,NA,NA,2.41503749927884,7.01814734671026,7.58496250072116,NA,1.16591193893569,NA,NA,NA
"55","A/SWINE/ILLINOIS/A01840351/2015",NA,NA,NA,9.15200309344505,NA,NA,9.92349256294565,9.07400058144378,4.27597850902687,NA,NA,2.49984588708321,2.7714894695006,6.15200309344505,5,1.74774543291945,4.32192809488736,5.91488338636205,5.73696559416621,4.762880292917,4.41503749927884,3.77214959078454,NA,5.41503749927884,5.41503749927884,5.58496250072116,NA,4.16591193893569,NA,NA,NA
"56","A/SWINE/ILLINOIS/A01475273/2014",3.35167543828141,6.91488338636205,6.58496250072116,NA,NA,7.26303440583379,5.7714894695006,6,2.2725905739101,NA,NA,1.49984588708321,2.44956137461324,5,2.58496250072116,-0.667292066359394,1.15200309344505,1.91488338636205,4,2.49984588708321,0.830074998557688,2.18718709006339,NA,3.41503749927884,5,1.41503749927884,NA,1.16591193893569,NA,NA,NA
"57","A/SWINE/ILLINOIS/A01503899/2014",4.35167543828141,NA,6.58496250072116,9.15200309344505,NA,8,7.18652696877944,5.67807190511264,2.2725905739101,NA,NA,0.0848083878043617,1.18652696877944,3.41503749927884,1.58496250072116,-1.66729206635939,1,2.49984588708321,2,1.762880292917,1.83007499855769,1.18718709006339,NA,3,3.41503749927884,1,NA,2.58094943821453,NA,NA,NA
"58","A/SWINE/ILLINOIS/A01489882/2015",3.61470984411521,5.91488338636205,NA,7,NA,NA,5.18652696877944,5.41503749927884,2.2725905739101,NA,NA,3.4998458870832,3.60156446805829,6.15200309344505,4.58496250072116,1.33270793364061,3.15200309344505,2.49984588708321,4,3.91488338636205,2.67807190511264,2.45022149589718,NA,3,4.83007499855769,3.26303440583379,NA,-0.419050561785467,NA,NA,NA
"59","A/SWINE/ILLINOIS/A01502036/2014",1.35167543828141,5.17791779219584,NA,6.41503749927884,NA,8.65896308216493,6.18652696877944,6.41503749927884,3.27371900184474,NA,NA,3.08480838780436,3.44956137461324,6.15200309344505,5,0.74774543291945,3.23446525363702,1.91488338636205,NA,4.762880292917,1.83007499855769,3.18718709006339,NA,3.41503749927884,6.83007499855769,4.26303440583379,NA,-0.419050561785467,NA,NA,NA
"60","A/SWINE/WYOMING/A01445305/2013",2.35167543828141,4.4998458870832,6.58496250072116,6.01814734671026,NA,7,6.18652696877944,5.83007499855769,6.28961037461463,NA,NA,4.4998458870832,4.18652696877944,NA,3,-0.25225456708055,4.73696559416621,7.17791779219584,NA,5.762880292917,5.03652587602511,4.45022149589718,NA,1.41503749927884,6.41503749927884,4,NA,-0.83408806106431,NA,NA,NA
"61","A/SWINE/WYOMING/A01397400/2013",5.35167543828141,7.49984588708321,5,6.67807190511264,8.65896308216493,5,5.18652696877944,5.41503749927884,9.42346612134942,NA,NA,1.49984588708321,1.18652696877944,4.41503749927884,1,-0.667292066359394,1.73696559416621,6.91488338636205,3.26303440583379,2.91488338636205,2.91253715874966,3.45022149589718,NA,5,3.67807190511264,3,NA,3.16591193893569,NA,NA,NA
"62","A/SWINE/WYOMING/A01444566/2013",1.93663793900257,4.4998458870832,6,6.01814734671026,NA,6,6.18652696877944,6.67807190511264,5.28050816750738,NA,NA,4.4998458870832,4.18652696877944,NA,2,-0.25225456708055,5,7.91488338636205,NA,5.762880292917,4.67807190511264,4.45022149589718,NA,1.67807190511264,6,3.58496250072116,NA,-2.41905056178547,NA,NA,NA
"63","A/SWINE/WYOMING/A01381202/2013",3.93663793900257,6.91488338636205,5.58496250072116,8.07400058144378,9.73696559416621,6,8.18652696877944,5.83007499855769,6.28961037461463,NA,NA,1.49984588708321,3.44956137461324,5,0.263034405833793,-0.25225456708055,1.73696559416621,5.32992088564089,5.73696559416621,2.99734554655402,2.91253715874966,3.45022149589718,NA,3.41503749927884,5,3.58496250072116,NA,2.16591193893569,NA,NA,NA
"64","A/SWINE/NEBRASKA/A01493501/2014",5.35167543828141,NA,6.58496250072116,9.15200309344505,NA,7,7.18652696877944,8.03652587602511,5.28050816750738,NA,NA,2.49984588708321,4.7714894695006,NA,3.58496250072116,1.74774543291945,4.73696559416621,7.17791779219584,4.65896308216493,3.99734554655402,5.03652587602511,4.18718709006339,NA,4.67807190511264,5.41503749927884,4.58496250072116,NA,4.16591193893569,NA,NA,NA
"65","A/SWINE/MINNESOTA/A01366992/2014",4.93663793900257,8.65184898052826,5.58496250072116,9.15200309344505,NA,5,5.18652696877944,5.91253715874966,4.27597850902687,NA,NA,1.762880292917,3.44956137461324,6.15200309344505,2.58496250072116,0.74774543291945,5.32192809488736,6.17791779219584,3,2.91488338636205,4.01814734671026,3.45022149589718,NA,3.41503749927884,3.67807190511264,4,NA,2.84398384404833,NA,NA,NA
"66","A/SWINE/INDIANA/A01260466/2014",3.35167543828141,5.4998458870832,NA,8.07400058144378,NA,7,NA,9.07400058144378,4.27597850902687,NA,NA,NA,4.18652696877944,NA,3.58496250072116,1.33270793364061,NA,5.91488338636205,NA,NA,NA,5.18718709006339,NA,3,NA,NA,NA,NA,NA,NA,NA
"67","A/SWINE/NORTH CAROLINA/A01410118/2014",2.93663793900257,5.91488338636205,NA,8.07400058144378,NA,7.58496250072116,NA,10.152003093445,2.2725905739101,NA,NA,NA,4.18652696877944,NA,3,-0.25225456708055,NA,3.17791779219584,NA,NA,NA,3.77214959078454,NA,2.41503749927884,NA,NA,NA,NA,NA,NA,NA
"68","A/SWINE/NORTH CAROLINA/A01410709/2014",2.35167543828141,4.91488338636205,NA,7.03652587602511,NA,7.62148837674627,NA,9.07400058144378,4.27597850902687,NA,NA,NA,3.7714894695006,NA,2,0.74774543291945,NA,4.91488338636205,NA,NA,NA,3.77214959078454,NA,1.41503749927884,NA,NA,NA,NA,NA,NA,NA
"69","A/SWINE/IOWA/A01501685/2014",2.35167543828141,5.91488338636205,NA,8.07400058144378,NA,6.41503749927884,NA,NA,4.27597850902687,NA,NA,NA,3.44956137461324,NA,3,-0.25225456708055,NA,4.4998458870832,NA,NA,NA,4.18718709006339,NA,3,NA,NA,NA,NA,NA,NA,NA
"70","A/SWINE/ILLINOIS/A01327903/2012",3.35167543828141,5.4998458870832,NA,6.67807190511264,NA,9.73696559416621,NA,9.07400058144378,8.34546360934815,NA,NA,NA,5.7714894695006,NA,2.58496250072116,1.33270793364061,NA,9.65184898052826,NA,NA,NA,NA,NA,2.41503749927884,NA,NA,NA,NA,NA,NA,NA
"71","A/SWINE/ILLINOIS/A00843193/2014",2.35167543828141,5.91488338636205,NA,7.03652587602511,NA,7.26303440583379,NA,10.152003093445,4.27597850902687,NA,NA,NA,3.7714894695006,NA,2.58496250072116,0.332707933640606,NA,5.91488338636205,NA,NA,NA,4.77214959078454,NA,2.67807190511264,NA,NA,NA,NA,NA,NA,NA
"72","A/SWINE/WYOMING/A01444562/2013",2.35167543828141,4.4998458870832,NA,5.67807190511264,NA,6.58496250072116,NA,6.83007499855769,5.28050816750738,NA,NA,NA,4.7714894695006,NA,2.58496250072116,0.74774543291945,NA,8.57384646852698,NA,NA,NA,4.45022149589718,NA,2.41503749927884,NA,NA,NA,NA,NA,NA,NA
"73","A/SWINE/ARGENTINA/RPEREZBSAS/A160/2011",NA,NA,5.58496250072116,4.67807190511264,8.58496250072116,7.58496250072116,9.92349256294565,10.152003093445,3.68650052718322,NA,NA,3.4998458870832,NA,NA,NA,NA,NA,NA,NA,NA,NA,NA,NA,NA,NA,NA,NA,NA,NA,NA,NA
"74","A/SWINE/INDIANA/A01260591/2014",NA,NA,NA,NA,NA,4.58496250072116,NA,6.41503749927884,7.30798890392949,NA,NA,NA,3.18652696877944,NA,3,1.74774543291945,NA,5.4998458870832,NA,NA,NA,4.18718709006339,NA,5.41503749927884,NA,NA,NA,4.16591193893569,NA,NA,NA
"75","A/SWINE/CALIFORNIA/A01459016/2015",NA,NA,NA,9.15200309344505,NA,5,NA,6.41503749927884,7.30798890392949,NA,NA,NA,3.7714894695006,NA,3,0.74774543291945,NA,4.4998458870832,NA,NA,NA,3.45022149589718,NA,5.41503749927884,NA,NA,NA,4.16591193893569,NA,NA,NA
"76","A/SWINE/MINNESOTA/A01847477/2015",NA,NA,NA,NA,NA,5.58496250072116,NA,7,7.30798890392949,NA,NA,NA,4.7714894695006,NA,3.58496250072116,1.74774543291945,NA,5.4998458870832,NA,NA,NA,4.18718709006339,NA,5.41503749927884,NA,NA,NA,4.16591193893569,NA,NA,NA
"77","A/SWINE/ILLINOIS/A02076652/2015",5.93663793900257,NA,NA,9.15200309344505,NA,6.58496250072116,NA,7.67807190511264,7.30798890392949,NA,NA,NA,4.7714894695006,NA,4,1.74774543291945,NA,5.4998458870832,NA,NA,NA,4.77214959078454,NA,5.41503749927884,NA,NA,NA,5.16591193893569,NA,NA,NA
"78","A/SWINE/IOWA/A01733626/2016",5.35167543828141,NA,NA,9.15200309344505,NA,5,NA,6.83007499855769,4.27597850902687,NA,NA,NA,5.18652696877944,NA,3,1.33270793364061,NA,6.4998458870832,NA,NA,NA,3.18718709006339,NA,4.67807190511264,NA,NA,NA,3.58094943821453,NA,NA,NA
"79","A/SWINE/MINNESOTA/A01365586/2013",3.61470984411521,NA,NA,6,NA,6,NA,7,6.28961037461463,NA,NA,NA,5.7714894695006,NA,NA,5.01077983875324,NA,4.4998458870832,NA,NA,NA,4.18718709006339,NA,3.67807190511264,NA,NA,NA,3.58094943821453,NA,NA,NA
"80","A/SWINE/IOWA/A01432770/2013",NA,NA,NA,9.15200309344505,NA,5,NA,6.41503749927884,8.34546360934815,NA,NA,NA,4.18652696877944,NA,3.58496250072116,0.74774543291945,NA,4.4998458870832,NA,NA,NA,3.77214959078454,NA,5,NA,NA,NA,4.16591193893569,NA,NA,NA
"81","A/SWINE/ILLINOIS/A01728585/2015",3.35167543828141,5.4998458870832,NA,8.07400058144378,NA,NA,NA,NA,5.28050816750738,NA,NA,NA,7.18652696877944,NA,6.58496250072116,4.74774543291945,NA,6.91488338636205,NA,NA,NA,5.77214959078454,NA,3,NA,NA,NA,0.580949438214533,NA,NA,NA
"82","A/SWINE/ILLINOIS/A01462475/2015",2.93663793900257,4.4998458870832,NA,8.07400058144378,NA,NA,NA,NA,5.28050816750738,NA,NA,NA,6.18652696877944,NA,6.65896308216493,3.74774543291945,NA,6.4998458870832,NA,NA,NA,5.84615017222832,NA,3,NA,NA,NA,0.580949438214533,NA,NA,NA
"83","A/SWINE/INDIANA/A01812162/2016",4.61470984411521,7.57384646852698,NA,7.41503749927884,NA,7,NA,8,5.28050816750738,NA,NA,NA,5.7714894695006,NA,NA,5.01077983875324,NA,5.4998458870832,NA,NA,NA,5.18718709006339,NA,5.41503749927884,NA,NA,NA,4.58094943821453,NA,NA,NA
"84","A/SWINE/ILLINOIS/A01475803/2014",4.35167543828141,6.53637176310832,NA,6.67807190511264,8.65896308216493,8.58496250072116,NA,8,6.28961037461463,NA,NA,NA,6.18652696877944,NA,6.58496250072116,4.3327079336406,NA,3.91488338636205,NA,NA,NA,6.92415268422959,NA,4.41503749927884,NA,NA,NA,2.58094943821453,NA,NA,NA
"85","A/SWINE/INDIANA/A01729045/2016",3.35167543828141,6.53637176310832,NA,7.41503749927884,8,5.26303440583379,NA,6,5.28050816750738,NA,NA,NA,6.18652696877944,NA,7.73696559416621,3.74774543291945,NA,3.49984588708321,NA,NA,NA,4.18718709006339,NA,5,NA,NA,NA,2.84398384404833,NA,NA,NA
"86","A/SWINE/MINNESOTA/A01480518/2014",7.08864103244762,NA,NA,NA,NA,5.26303440583379,NA,7.67807190511264,5.28050816750738,NA,NA,NA,5.7714894695006,NA,3.58496250072116,1.74774543291945,NA,6.91488338636205,NA,NA,NA,4.18718709006339,NA,4.41503749927884,NA,NA,NA,3.58094943821453,NA,NA,NA
"87","A/SWINE/NORTH CAROLINA/A01476722/2014",3.35167543828141,4.4998458870832,NA,8.07400058144378,NA,9.73696559416621,NA,10.152003093445,5.28050816750738,NA,NA,NA,5.7714894695006,NA,4.58496250072116,2.01077983875324,NA,4.91488338636205,NA,NA,NA,4.45022149589718,NA,2,NA,NA,NA,-0.156016155951674,NA,NA,NA
"88","A/SWINE/INDIANA/A01260268/2013",2.35167543828141,5.91488338636205,NA,8.07400058144378,NA,NA,NA,NA,4.27597850902687,NA,NA,NA,4.18652696877944,NA,5.26303440583379,3.3327079336406,NA,6.91488338636205,NA,NA,NA,5.84615017222832,NA,3,NA,NA,NA,-0.83408806106431,NA,NA,NA
"89","A/SWINE/MINNESOTA/A01049936/2011",6.01063852044635,NA,NA,NA,NA,NA,NA,NA,7.30798890392949,NA,NA,NA,5.7714894695006,NA,4.58496250072116,3.3327079336406,NA,3.91488338636205,NA,NA,NA,6.92415268422959,NA,3.41503749927884,NA,NA,NA,1.58094943821453,NA,NA,NA
"90","A/SWINE/NEBRASKA/A01567651/2015",5.35167543828141,NA,NA,NA,NA,6,NA,7.67807190511264,5.28050816750738,NA,NA,NA,5.18652696877944,NA,3.58496250072116,1.74774543291945,NA,6.91488338636205,NA,NA,NA,4.18718709006339,NA,4.41503749927884,NA,NA,NA,3.58094943821453,NA,NA,NA
"91","A/SWINE/MINNESOTA/A01277201/2012",4.35167543828141,6.4998458870832,NA,8.07400058144378,NA,NA,NA,NA,7.30798890392949,NA,NA,NA,5.7714894695006,NA,5,3.3327079336406,NA,5.4998458870832,NA,NA,NA,NA,NA,3,NA,NA,NA,1.58094943821453,NA,NA,NA
"92","A/SWINE/MISSOURI/A01410819/2014",4.35167543828141,5.91488338636205,7.58496250072116,2,6.60310984743141,3,3.18652696877944,6,6.28961037461463,NA,NA,3.762880292917,5.60156446805829,NA,6.58496250072116,5.01077983875324,7,8.57384646852698,5.73696559416621,3.91488338636205,7.15200309344505,3.45022149589718,NA,4,5,6,NA,NA,NA,NA,0
"93","A/SWINE/MISSOURI/A01476459/2012",4.93663793900257,6.4998458870832,6,5.41503749927884,4.58496250072116,2.58496250072116,2.7714894695006,2,NA,NA,NA,4.4998458870832,7.7714894695006,NA,6.58496250072116,5.74774543291945,8.39592867633114,7.91488338636205,NA,5.4998458870832,NA,4.18718709006339,NA,7,5.41503749927884,7,NA,NA,NA,NA,0.562594687692702
"94","A/SWINE/NORTH CAROLINA/A01730588/2016",NA,NA,NA,NA,NA,NA,NA,8.03652587602511,6.28961037461463,NA,NA,NA,2.7714894695006,NA,1.58496250072116,-0.25225456708055,NA,5.4998458870832,NA,NA,NA,3.45022149589718,NA,6.41503749927884,NA,NA,NA,3.58094943821453,NA,NA,NA
"95","A/SWINE/IOWA/A01730108/2016",4.35167543828141,6.53637176310832,NA,8,NA,5.59400764032416,NA,7,5.28050816750738,NA,NA,NA,6.7714894695006,NA,NA,5.01077983875324,NA,3.91488338636205,NA,NA,NA,4.45022149589718,NA,5,NA,NA,NA,2.84398384404833,NA,NA,NA
"96","A/SWINE/MINNESOTA/A01471950/2015",5.35167543828141,NA,NA,9.15200309344505,NA,NA,NA,NA,7.30798890392949,NA,NA,NA,5.7714894695006,NA,4,2.3327079336406,NA,6.17791779219584,NA,NA,NA,5.84615017222832,NA,4.41503749927884,NA,NA,NA,1.58094943821453,NA,NA,NA
"97","A/SWINE/OKLAHOMA/A01776961/2016",7.08864103244762,NA,NA,NA,NA,NA,NA,9.07400058144378,6.28961037461463,NA,NA,NA,3.7714894695006,NA,2.58496250072116,0.332707933640606,NA,6.91488338636205,NA,NA,NA,4.77214959078454,NA,4.67807190511264,NA,NA,NA,3.16591193893569,NA,NA,NA
"98","A/SWINE/NORTH CAROLINA/A01732564/2016",4.93663793900257,7.57384646852698,NA,7,NA,6.60310984743141,NA,7,5.28050816750738,NA,NA,NA,6.18652696877944,NA,NA,5.36923380966572,NA,3.91488338636205,NA,NA,NA,4.80867546680966,NA,6,NA,NA,NA,3.84398384404833,NA,NA,NA
"99","A/SWINE/IOWA/A01729543/2016",3.35167543828141,6.53637176310832,NA,9.15200309344505,NA,NA,NA,NA,4.27597850902687,NA,NA,NA,4.44956137461324,NA,4,2.16278293219829,NA,7.4998458870832,NA,NA,NA,4.18718709006339,NA,3.41503749927884,NA,NA,NA,0.580949438214533,NA,NA,NA
"100","A/SWINE/NEBRASKA/A01478775/2015",2.93663793900257,5.91488338636205,NA,8.07400058144378,NA,NA,NA,NA,4.27597850902687,NA,NA,NA,4.18652696877944,NA,4,1.33270793364061,NA,6.91488338636205,NA,NA,NA,5.18718709006339,NA,2.41503749927884,NA,NA,NA,0.16591193893569,NA,NA,NA
"101","A/SWINE/ILLINOIS/A01555638/2015",7.08864103244762,NA,NA,NA,NA,9.73696559416621,NA,8.03652587602511,6.28961037461463,NA,NA,NA,2.7714894695006,NA,3,0.74774543291945,NA,6.91488338636205,NA,NA,NA,4.77214959078454,NA,5.83007499855769,NA,NA,NA,3.16591193893569,NA,NA,NA
