feature_pos,feature,importance,,,,
identity,identity,0.179159715,0.440034323,0.796323425,0.911406101,0.959935138
145,145kn,0.04546639,,,,
202,202iv,0.04257476,,,,
222,222rw,0.040686724,,,,
75,75hq,0.031597214,,,,
204,204iv,0.025054459,,,,
121,121nt,0.022190896,,,,
133,133dn,0.01911256,,,,
46,46st,0.017528689,,,,
25,25il,0.016662916,,,,
50,50er,0.012549903,,,,
83,83ek,0.009081145,,,,
263,263gr,0.00901477,,,,
217,217iv,0.008650823,,,,
172,172de,0.007819076,,,,
227,227ps,0.007675738,,,,
260,260im,0.00760221,,,,
196,196ai,0.007538279,,,,
272,272av,0.007507344,,,,
50,50rx,0.007442173,,,,
144,144dv,0.006708771,,,,
101,101dy,0.006535797,,,,
50,50gr,0.006506116,,,,
140,140kr,0.006369299,,,,
138,138as,0.006165779,,,,
9,9ns,0.006149585,,,,
289,289ps,0.00612067,,,,
159,159ny,0.005921854,,,,
159,159hy,0.005580663,,,,
107,107st,0.005461102,,,,
119,119ek,0.005186314,,,,
158,158gn,0.005038241,,,,
155,155hy,0.004870669,,,,
163,163ae,0.004859697,,,,
144,144nv,0.004784304,,,,
53,53ns,0.004778485,,,,
48,48kt,0.004721199,,,,
228,228gs,0.004669862,,,,
156,156hn,0.004558662,,,,
189,189kr,0.00451818,,,,
150,150kr,0.004337257,,,,
276,276nt,0.004300434,,,,
196,196iv,0.004292791,,,,
31,31dn,0.004291846,,,,
196,196av,0.004259539,,,,
291,291dg,0.004079594,,,,
210,210hq,0.003929389,,,,
203,203it,0.003770121,,,,
6,6ns,0.003701317,,,,
112,112iv,0.003699127,,,,
189,189ek,0.003625228,,,,
214,214iv,0.00334848,,,,
122,122qx,0.003106604,,,,
193,193ns,0.003105013,,,,
82,82kr,0.003086625,,,,
92,92kt,0.003023031,,,,
192,192it,0.002975113,,,,
131,131at,0.002940675,,,,
158,158en,0.00293127,,,,
158,158kn,0.00283582,,,,
57,57qr,0.002760351,,,,
199,199ps,0.002749242,,,,
124,124gs,0.002703391,,,,
164,164lq,0.002686709,,,,
173,173kr,0.002630787,,,,
223,223iv,0.002600343,,,,
292,292kr,0.002586468,,,,
173,173kn,0.002582133,,,,
163,163av,0.00251158,,,,
144,144gv,0.002509411,,,,
209,209ns,0.002506572,,,,
299,299kr,0.002498051,,,,
124,124rs,0.002483719,,,,
193,193sy,0.002402434,,,,
156,156kn,0.002379599,,,,
56,56hy,0.002375459,,,,
173,173kx,0.002358368,,,,
208,208rw,0.002350872,,,,
188,188dn,0.002347671,,,,
275,275dg,0.002292423,,,,
5,5eg,0.002216221,,,,
121,121in,0.002204675,,,,
142,142eg,0.002173669,,,,
145,145ns,0.002155535,,,,
80,80kq,0.002147618,,,,
138,138at,0.002128853,,,,
201,201ir,0.00211042,,,,
131,131as,0.002051408,,,,
273,273hp,0.001995596,,,,
51,51im,0.001987818,,,,
49,49gs,0.00196414,,,,
144,144av,0.001930905,,,,
121,121it,0.001912715,,,,
142,142gk,0.001907372,,,,
189,189gk,0.001907229,,,,
276,276kn,0.001901214,,,,
193,193ny,0.001870729,,,,
158,158dn,0.001841831,,,,
175,175dn,0.001779242,,,,
156,156ns,0.001760345,,,,
198,198ae,0.001743802,,,,
262,262gs,0.001739428,,,,
160,160kr,0.0017284,,,,
117,117nt,0.00169806,,,,
137,137ry,0.00169006,,,,
143,143ps,0.001688711,,,,
12,12tx,0.001687079,,,,
138,138st,0.001659653,,,,
142,142gr,0.001636706,,,,
261,261qr,0.001636342,,,,
6,6rs,0.001608772,,,,
155,155hn,0.001601818,,,,
197,197qr,0.001581886,,,,
311,311hq,0.00155819,,,,
34,34iv,0.001544673,,,,
135,135st,0.001534553,,,,
273,273ps,0.001530063,,,,
111,111il,0.001526157,,,,
159,159hn,0.001498269,,,,
7,7ds,0.001493473,,,,
156,156hk,0.001491515,,,,
45,45ns,0.001466473,,,,
53,53dn,0.001464577,,,,
62,62ek,0.001438678,,,,
172,172dg,0.001415813,,,,
262,262st,0.001413075,,,,
160,160kt,0.001408488,,,,
6,6gs,0.00138142,,,,
156,156ks,0.001372233,,,,
47,47st,0.001371967,,,,
137,137sy,0.001371739,,,,
145,145ks,0.001355928,,,,
133,133dg,0.00134235,,,,
208,208gr,0.001339931,,,,
82,82ek,0.00133795,,,,
78,78dg,0.001330565,,,,
189,189ks,0.001314012,,,,
49,49dg,0.001290174,,,,
242,242im,0.001287462,,,,
106,106as,0.001273216,,,,
215,215ps,0.001203591,,,,
126,126dn,0.001200554,,,,
78,78de,0.001200444,,,,
226,226iv,0.001178195,,,,
137,137ny,0.001170523,,,,
69,69as,0.001168644,,,,
46,46ft,0.001134727,,,,
265,265gs,0.001112385,,,,
75,75hl,0.001098952,,,,
124,124is,0.001070741,,,,
186,186gs,0.001039912,,,,
155,155ny,0.001039542,,,,
7,7de,0.001031462,,,,
262,262ns,0.001025324,,,,
144,144dn,0.001021321,,,,
50,50kr,0.001019114,,,,
226,226qv,0.001011944,,,,
54,54ns,0.000984105,,,,
25,25ls,0.000983838,,,,
173,173kq,0.000980026,,,,
10,10mt,0.000963853,,,,
276,276en,0.000934777,,,,
88,88iv,0.000933152,,,,
233,233hy,0.000931879,,,,
185,185pt,0.000930045,,,,
226,226lv,0.000921365,,,,
54,54rs,0.000918684,,,,
3,3fl,0.000917754,,,,
229,229ir,0.0009118,,,,
142,142ek,0.000908538,,,,
190,190de,0.000907714,,,,
192,192at,0.000901186,,,,
131,131st,0.000885698,,,,
214,214it,0.000879371,,,,
144,144ev,0.000879351,,,,
229,229iv,0.000869722,,,,
220,220rv,0.000864675,,,,
45,45gs,0.000857274,,,,
2,2dk,0.000853089,,,,
156,156hs,0.000851477,,,,
21,21ps,0.000850929,,,,
201,201kr,0.000849257,,,,
248,248nt,0.000848615,,,,
156,156hq,0.000827703,,,,
312,312kn,0.000817852,,,,
50,50ek,0.000814671,,,,
118,118lm,0.000802653,,,,
79,79fl,0.000794687,,,,
7,7dg,0.000789441,,,,
58,58iv,0.000770397,,,,
189,189kn,0.000766759,,,,
279,279fs,0.000758542,,,,
155,155ht,0.000751679,,,,
122,122nq,0.000744605,,,,
198,198at,0.000742181,,,,
133,133ds,0.000733415,,,,
105,105hy,0.000731474,,,,
3,3il,0.000718074,,,,
62,62ik,0.000711737,,,,
194,194il,0.000707596,,,,
207,207kq,0.000706974,,,,
165,165ns,0.000702058,,,,
300,300iv,0.000699056,,,,
128,128nt,0.000698211,,,,
78,78ds,0.000689482,,,,
126,126nt,0.000685703,,,,
94,94fy,0.000670465,,,,
133,133gn,0.000670179,,,,
142,142er,0.000669371,,,,
276,276et,0.0006689,,,,
159,159fy,0.00066792,,,,
144,144de,0.000665413,,,,
6,6is,0.000664792,,,,
29,29il,0.00064562,,,,
159,159sy,0.000637731,,,,
328,328nt,0.000625623,,,,
273,273lp,0.0006191,,,,
225,225dg,0.000616426,,,,
124,124ds,0.000616344,,,,
309,309iv,0.000598003,,,,
213,213iv,0.000592873,,,,
199,199ap,0.000592441,,,,
278,278kn,0.000591556,,,,
160,160ak,0.000591105,,,,
2,2kn,0.000584773,,,,
106,106av,0.000580096,,,,
182,182iv,0.000572221,,,,
124,124ns,0.000568112,,,,
173,173nr,0.000565362,,,,
328,328it,0.000560331,,,,
5,5gr,0.000550443,,,,
31,31dg,0.000550284,,,,
82,82kt,0.000536395,,,,
135,135as,0.000526933,,,,
193,193as,0.000525622,,,,
169,169lp,0.000517504,,,,
278,278in,0.000516487,,,,
131,131ad,0.000504741,,,,
165,165kn,0.000496772,,,,
304,304av,0.000495781,,,,
189,189kq,0.000494882,,,,
157,157ls,0.000484231,,,,
224,224kr,0.000477095,,,,
156,156nq,0.000476865,,,,
307,307kr,0.000473998,,,,
156,156en,0.000473871,,,,
208,208kr,0.000469317,,,,
210,210qr,0.00046732,,,,
244,244fl,0.000466393,,,,
207,207kr,0.000466113,,,,
276,276ek,0.000463351,,,,
203,203at,0.000461382,,,,
144,144ad,0.000458082,,,,
156,156ek,0.000457628,,,,
53,53ds,0.00045561,,,,
96,96dn,0.000454905,,,,
227,227st,0.000451492,,,,
122,122qt,0.000450659,,,,
159,159fh,0.000447462,,,,
11,11at,0.000445413,,,,
146,146gs,0.00043943,,,,
83,83eg,0.00043567,,,,
193,193an,0.000431278,,,,
189,189rs,0.000428576,,,,
239,239ps,0.00042586,,,,
159,159ns,0.000418333,,,,
122,122nx,0.00041359,,,,
8,8dn,0.000413034,,,,
304,304at,0.000412177,,,,
160,160kq,0.000404288,,,,
157,157lm,0.000402561,,,,
273,273hs,0.000397514,,,,
135,135gs,0.00039699,,,,
83,83gk,0.000392357,,,,
262,262gn,0.000390225,,,,
278,278ns,0.000388381,,,,
83,83kt,0.000384826,,,,
187,187st,0.000382699,,,,
155,155ty,0.000379482,,,,
244,244lv,0.000377414,,,,
167,167at,0.000376034,,,,
271,271dn,0.000370827,,,,
171,171dn,0.000370528,,,,
219,219fs,0.000364017,,,,
91,91ns,0.000362769,,,,
117,117st,0.000361011,,,,
186,186eg,0.000356611,,,,
142,142kr,0.000351977,,,,
95,95ns,0.000345492,,,,
144,144dg,0.000341209,,,,
264,264kr,0.000334226,,,,
6,6gn,0.000332962,,,,
50,50eg,0.000332479,,,,
140,140ir,0.000331888,,,,
196,196tv,0.000331165,,,,
246,246ns,0.000329215,,,,
158,158de,0.000323647,,,,
144,144an,0.00032183,,,,
158,158eg,0.000321666,,,,
114,114as,0.000321527,,,,
312,312ns,0.000319762,,,,
32,32de,0.000319587,,,,
230,230iv,0.000317558,,,,
6,6in,0.000317015,,,,
282,282iv,0.000316705,,,,
62,62kr,0.000316159,,,,
128,128at,0.000315632,,,,
279,279ls,0.000314815,,,,
216,216ns,0.000310567,,,,
137,137ns,0.000305364,,,,
192,192ai,0.000303644,,,,
112,112av,0.000302735,,,,
81,81dn,0.000302658,,,,
94,94hy,0.000301756,,,,
9,9rs,0.000301753,,,,
137,137hy,0.000299969,,,,
201,201gr,0.000298608,,,,
21,21pq,0.000297043,,,,
173,173qr,0.000295198,,,,
282,282it,0.000292817,,,,
144,144in,0.000280364,,,,
144,144sv,0.000278235,,,,
156,156eh,0.000277377,,,,
212,212at,0.000275602,,,,
179,179iv,0.000274116,,,,
142,142gs,0.00027291,,,,
276,276kt,0.000269031,,,,
186,186gi,0.000266872,,,,
304,304ad,0.000264024,,,,
144,144kv,0.000263325,,,,
310,310kr,0.000260824,,,,
269,269kr,0.000259379,,,,
173,173nx,0.000258878,,,,
47,47sx,0.000257104,,,,
323,323iv,0.000252806,,,,
327,327qr,0.000252021,,,,
189,189er,0.000251174,,,,
259,259kr,0.000250666,,,,
133,133de,0.000249898,,,,
149,149gs,0.000249602,,,,
131,131an,0.000242117,,,,
278,278dn,0.000241386,,,,
208,208rs,0.00023842,,,,
144,144iv,0.000237866,,,,
193,193fs,0.000237824,,,,
261,261kq,0.000235782,,,,
33,33qr,0.000233963,,,,
203,203ai,0.000231973,,,,
168,168mv,0.000231477,,,,
193,193fn,0.00022745,,,,
186,186ag,0.000227426,,,,
38,38ns,0.000226526,,,,
156,156es,0.000224783,,,,
9,9nr,0.000224414,,,,
275,275gs,0.000222789,,,,
82,82kn,0.000222303,,,,
1,1qr,0.000222086,,,,
45,45is,0.000222048,,,,
142,142gn,0.000221323,,,,
159,159hs,0.000221114,,,,
275,275ds,0.000220941,,,,
167,167nt,0.000218746,,,,
329,329kr,0.000218026,,,,
144,144gn,0.000218006,,,,
8,8kn,0.00021698,,,,
78,78eg,0.000216928,,,,
199,199as,0.000215404,,,,
260,260il,0.000214749,,,,
276,276ns,0.000214205,,,,
229,229gi,0.000213421,,,,
144,144ds,0.0002133,,,,
172,172eg,0.000212418,,,,
216,216dn,0.000211112,,,,
140,140ik,0.000204294,,,,
263,263eg,0.000204124,,,,
140,140rt,0.000201728,,,,
173,173rx,0.000201551,,,,
135,135es,0.000192951,,,,
189,189nr,0.000192876,,,,
3,3lr,0.000192179,,,,
46,46fs,0.000191591,,,,
158,158ek,0.000187857,,,,
273,273hl,0.000183813,,,,
48,48it,0.000180978,,,,
189,189gs,0.000177905,,,,
280,280ae,0.000177883,,,,
214,214is,0.000177877,,,,
273,273pq,0.000176795,,,,
93,93at,0.000171415,,,,
223,223av,0.000171391,,,,
135,135at,0.000170162,,,,
82,82nr,0.000170121,,,,
156,156kq,0.000169941,,,,
6,6nr,0.000169084,,,,
287,287ns,0.000168466,,,,
131,131ae,0.0001667,,,,
173,173nq,0.000166221,,,,
246,246nx,0.000165025,,,,
8,8ny,0.000164887,,,,
189,189ns,0.000163432,,,,
259,259kq,0.000162794,,,,
144,144ns,0.000162491,,,,
183,183hl,0.000160625,,,,
92,92rt,0.000160373,,,,
131,131dt,0.000158983,,,,
158,158dk,0.000154558,,,,
144,144ae,0.000152854,,,,
199,199is,0.000152164,,,,
209,209gs,0.000149895,,,,
225,225gn,0.000148988,,,,
135,135gt,0.000145487,,,,
133,133gs,0.000142589,,,,
159,159fn,0.000142477,,,,
273,273hq,0.000142087,,,,
133,133en,0.000139872,,,,
197,197hq,0.000139308,,,,
122,122nt,0.000139271,,,,
246,246nt,0.000138508,,,,
144,144en,0.000138039,,,,
83,83et,0.000138008,,,,
173,173dq,0.000137461,,,,
193,193fy,0.000137282,,,,
83,83en,0.000136946,,,,
48,48at,0.000132511,,,,
92,92kr,0.000132221,,,,
15,15lr,0.000131973,,,,
165,165en,0.000130123,,,,
137,137fs,0.0001294,,,,
133,133ns,0.00012871,,,,
278,278ny,0.000128069,,,,
31,31gn,0.000128058,,,,
25,25fl,0.00012763,,,,
250,250dn,0.000126454,,,,
137,137hs,0.000125889,,,,
198,198as,0.000125005,,,,
83,83kn,0.000124703,,,,
163,163at,0.000123198,,,,
220,220kr,0.000122724,,,,
137,137fy,0.000122279,,,,
247,247rs,0.000121254,,,,
20,20gv,0.000119548,,,,
229,229rv,0.00011837,,,,
208,208ir,0.000117478,,,,
122,122pq,0.000117165,,,,
57,57kq,0.000114982,,,,
281,281cf,0.000114789,,,,
242,242iv,0.000113618,,,,
186,186gv,0.00011213,,,,
177,177lm,0.000110044,,,,
262,262nt,0.000107978,,,,
198,198et,0.000107924,,,,
158,158dg,0.000107874,,,,
189,189es,0.000105604,,,,
122,122dq,0.000105483,,,,
238,238kr,0.000103687,,,,
189,189gr,0.000102819,,,,
82,82er,0.000102729,,,,
172,172dn,0.000101963,,,,
50,50kx,0.000101747,,,,
144,144ag,0.000101155,,,,
135,135ag,9.84E-05,,,,
140,140kt,9.69E-05,,,,
186,186es,9.65E-05,,,,
186,186sv,9.56E-05,,,,
82,82rt,9.50E-05,,,,
163,163ev,9.49E-05,,,,
50,50ex,9.48E-05,,,,
201,201ik,9.36E-05,,,,
142,142en,9.34E-05,,,,
82,82en,9.28E-05,,,,
78,78dn,9.21E-05,,,,
51,51il,9.17E-05,,,,
101,101fy,9.11E-05,,,,
290,290hn,9.08E-05,,,,
124,124gr,8.80E-05,,,,
82,82ak,8.56E-05,,,,
262,262gt,8.40E-05,,,,
196,196at,8.24E-05,,,,
264,264kn,8.18E-05,,,,
173,173dk,8.17E-05,,,,
302,302fy,8.16E-05,,,,
78,78gn,8.01E-05,,,,
156,156qs,8.00E-05,,,,
226,226il,7.95E-05,,,,
78,78gs,7.94E-05,,,,
193,193kn,7.84E-05,,,,
78,78es,7.79E-05,,,,
171,171kn,7.69E-05,,,,
131,131ds,7.69E-05,,,,
193,193ks,7.62E-05,,,,
275,275eg,7.60E-05,,,,
131,131nt,7.56E-05,,,,
137,137nr,7.44E-05,,,,
121,121kt,7.42E-05,,,,
122,122dn,7.41E-05,,,,
220,220ir,7.37E-05,,,,
144,144as,7.35E-05,,,,
189,189qr,7.33E-05,,,,
50,50gk,7.32E-05,,,,
144,144di,7.28E-05,,,,
312,312ks,7.21E-05,,,,
193,193nr,7.20E-05,,,,
214,214tv,7.11E-05,,,,
117,117ns,7.06E-05,,,,
156,156kr,7.06E-05,,,,
276,276ks,7.01E-05,,,,
144,144dk,6.92E-05,,,,
58,58il,6.85E-05,,,,
167,167tv,6.53E-05,,,,
189,189en,6.51E-05,,,,
121,121kn,6.48E-05,,,,
124,124gn,6.26E-05,,,,
137,137rs,6.21E-05,,,,
144,144ai,6.18E-05,,,,
273,273ls,6.15E-05,,,,
122,122tx,6.08E-05,,,,
7,7es,6.04E-05,,,,
159,159fs,5.99E-05,,,,
276,276es,5.86E-05,,,,
124,124di,5.86E-05,,,,
208,208gw,5.85E-05,,,,
197,197kq,5.78E-05,,,,
193,193ay,5.77E-05,,,,
275,275de,5.77E-05,,,,
203,203tv,5.47E-05,,,,
112,112ai,5.44E-05,,,,
193,193rs,5.36E-05,,,,
158,158gk,5.35E-05,,,,
122,122np,5.33E-05,,,,
124,124dg,5.29E-05,,,,
142,142kn,5.21E-05,,,,
163,163et,5.05E-05,,,,
189,189eg,5.00E-05,,,,
278,278ds,4.96E-05,,,,
193,193ky,4.94E-05,,,,
186,186as,4.88E-05,,,,
144,144ks,4.70E-05,,,,
57,57kr,4.59E-05,,,,
189,189eq,4.58E-05,,,,
193,193ry,4.48E-05,,,,
156,156nr,4.42E-05,,,,
135,135eg,4.35E-05,,,,
225,225dn,4.30E-05,,,,
229,229gr,4.27E-05,,,,
63,63dn,4.16E-05,,,,
260,260lm,4.15E-05,,,,
201,201gi,4.13E-05,,,,
189,189qs,4.07E-05,,,,
144,144kn,4.06E-05,,,,
5,5er,3.93E-05,,,,
261,261kr,3.89E-05,,,,
142,142es,3.88E-05,,,,
25,25is,3.87E-05,,,,
137,137hn,3.87E-05,,,,
124,124nr,3.87E-05,,,,
48,48ik,3.78E-05,,,,
124,124gi,3.72E-05,,,,
144,144es,3.72E-05,,,,
131,131et,3.68E-05,,,,
142,142rs,3.68E-05,,,,
156,156hr,3.64E-05,,,,
82,82et,3.62E-05,,,,
144,144is,3.50E-05,,,,
276,276st,3.49E-05,,,,
142,142ks,3.39E-05,,,,
196,196it,3.24E-05,,,,
101,101df,3.20E-05,,,,
189,189gn,3.19E-05,,,,
45,45gn,3.16E-05,,,,
208,208iw,3.13E-05,,,,
131,131es,3.09E-05,,,,
223,223ai,2.91E-05,,,,
208,208kw,2.89E-05,,,,
122,122px,2.86E-05,,,,
62,62ei,2.84E-05,,,,
203,203iv,2.76E-05,,,,
144,144ek,2.75E-05,,,,
210,210hr,2.72E-05,,,,
48,48ai,2.66E-05,,,,
48,48ak,2.66E-05,,,,
82,82at,2.61E-05,,,,
199,199ip,2.60E-05,,,,
208,208gk,2.60E-05,,,,
45,45in,2.59E-05,,,,
142,142nr,2.53E-05,,,,
131,131ns,2.51E-05,,,,
21,21qs,2.51E-05,,,,
156,156eq,2.42E-05,,,,
186,186ai,2.39E-05,,,,
135,135ak,2.36E-05,,,,
226,226iq,2.34E-05,,,,
186,186ae,2.30E-05,,,,
186,186is,2.30E-05,,,,
94,94fh,2.29E-05,,,,
144,144gs,2.25E-05,,,,
135,135ks,2.23E-05,,,,
160,160qr,2.23E-05,,,,
124,124dn,2.23E-05,,,,
7,7gs,2.20E-05,,,,
124,124in,2.19E-05,,,,
50,50gx,2.10E-05,,,,
124,124dr,2.09E-05,,,,
106,106sv,2.05E-05,,,,
155,155nt,1.99E-05,,,,
144,144ak,1.96E-05,,,,
6,6gr,1.90E-05,,,,
229,229gv,1.86E-05,,,,
144,144eg,1.82E-05,,,,
126,126dt,1.73E-05,,,,
278,278ks,1.73E-05,,,,
131,131dn,1.67E-05,,,,
156,156qr,1.63E-05,,,,
165,165ek,1.61E-05,,,,
122,122pt,1.56E-05,,,,
135,135et,1.56E-05,,,,
227,227pt,1.51E-05,,,,
304,304dv,1.50E-05,,,,
8,8ky,1.42E-05,,,,
189,189gq,1.40E-05,,,,
208,208ks,1.37E-05,,,,
137,137hr,1.36E-05,,,,
78,78en,1.31E-05,,,,
62,62er,1.26E-05,,,,
3,3fi,1.25E-05,,,,
173,173qx,1.23E-05,,,,
82,82nt,1.21E-05,,,,
207,207qr,1.18E-05,,,,
226,226lq,1.17E-05,,,,
189,189nq,1.16E-05,,,,
7,7eg,1.15E-05,,,,
137,137fn,1.14E-05,,,,
173,173dn,1.13E-05,,,,
6,6ir,1.12E-05,,,,
142,142ns,1.10E-05,,,,
122,122dt,1.07E-05,,,,
3,3ir,1.06E-05,,,,
124,124ir,1.05E-05,,,,
209,209gn,1.04E-05,,,,
78,78ns,1.04E-05,,,,
216,216ds,1.03E-05,,,,
135,135kt,1.03E-05,,,,
135,135ae,1.02E-05,,,,
160,160rt,9.82E-06,,,,
273,273lq,9.80E-06,,,,
328,328in,9.66E-06,,,,
173,173dr,9.60E-06,,,,
198,198st,9.59E-06,,,,
186,186ei,9.53E-06,,,,
165,165es,9.05E-06,,,,
75,75lq,8.98E-06,,,,
278,278sy,8.77E-06,,,,
197,197hr,8.71E-06,,,,
193,193af,8.58E-06,,,,
58,58lv,8.43E-06,,,,
208,208gs,8.33E-06,,,,
244,244fv,8.32E-06,,,,
133,133eg,8.28E-06,,,,
278,278is,8.27E-06,,,,
214,214sv,8.27E-06,,,,
137,137fr,8.12E-06,,,,
133,133es,8.02E-06,,,,
25,25fi,7.95E-06,,,,
54,54nr,7.85E-06,,,,
203,203av,7.66E-06,,,,
45,45gi,7.64E-06,,,,
214,214st,7.21E-06,,,,
156,156rs,7.16E-06,,,,
208,208sw,6.78E-06,,,,
278,278ky,6.68E-06,,,,
157,157ms,6.65E-06,,,,
273,273qs,6.45E-06,,,,
242,242mv,6.37E-06,,,,
193,193fr,6.37E-06,,,,
128,128an,6.06E-06,,,,
144,144gi,5.95E-06,,,,
246,246sx,5.85E-06,,,,
304,304dt,5.77E-06,,,,
278,278dy,5.55E-06,,,,
144,144ei,5.52E-06,,,,
122,122dp,5.23E-06,,,,
160,160at,5.17E-06,,,,
278,278dk,5.16E-06,,,,
263,263er,4.91E-06,,,,
160,160ar,4.90E-06,,,,
282,282tv,4.82E-06,,,,
193,193fk,4.56E-06,,,,
172,172en,4.54E-06,,,,
163,163tv,4.51E-06,,,,
122,122dx,4.32E-06,,,,
62,62ir,4.31E-06,,,,
172,172gn,4.27E-06,,,,
220,220kv,4.27E-06,,,,
304,304tv,4.21E-06,,,,
201,201gk,4.20E-06,,,,
83,83gt,4.19E-06,,,,
186,186av,4.15E-06,,,,
82,82ae,4.11E-06,,,,
278,278ik,4.03E-06,,,,
220,220iv,3.99E-06,,,,
198,198es,3.97E-06,,,,
197,197kr,3.97E-06,,,,
140,140it,3.93E-06,,,,
144,144ik,3.58E-06,,,,
199,199ai,3.49E-06,,,,
165,165ks,3.48E-06,,,,
6,6gi,3.48E-06,,,,
137,137fh,3.36E-06,,,,
135,135gk,3.30E-06,,,,
156,156er,3.16E-06,,,,
49,49ds,3.01E-06,,,,
131,131en,3.00E-06,,,,
144,144gk,2.80E-06,,,,
131,131de,2.75E-06,,,,
82,82an,2.73E-06,,,,
8,8dk,2.71E-06,,,,
83,83gn,2.71E-06,,,,
3,3fr,2.69E-06,,,,
121,121ik,2.63E-06,,,,
279,279fl,2.53E-06,,,,
186,186ev,2.50E-06,,,,
278,278iy,2.49E-06,,,,
167,167an,2.49E-06,,,,
167,167av,2.47E-06,,,,
51,51lm,2.34E-06,,,,
278,278di,2.33E-06,,,,
208,208gi,2.30E-06,,,,
275,275es,2.11E-06,,,,
160,160aq,2.07E-06,,,,
8,8dy,2.03E-06,,,,
2,2dn,1.96E-06,,,,
193,193ar,1.94E-06,,,,
186,186iv,1.88E-06,,,,
25,25fs,1.69E-06,,,,
208,208is,1.63E-06,,,,
160,160qt,1.33E-06,,,,
246,246st,1.26E-06,,,,
47,47tx,1.21E-06,,,,
193,193kr,1.08E-06,,,,
264,264nr,1.00E-06,,,,
259,259qr,9.54E-07,,,,
246,246tx,9.41E-07,,,,
171,171dk,7.76E-07,,,,
208,208ik,7.76E-07,,,,
83,83nt,5.60E-07,,,,
82,82ar,5.15E-07,,,,
167,167nv,4.59E-07,,,,
193,193ak,3.98E-07,,,,
220,220ik,3.85E-07,,,,
173,173dx,3.34E-07,,,,
197,197hk,1.68E-07,,,,
135,135ek,1.57E-07,,,,
