feature_pos,feature,importance
identity,identity,0.312466906
145,145kn,0.079081015
222,222rw,0.061305603
202,202iv,0.048154078
75,75hq,0.023596578
25,25il,0.015280803
137,137ry,0.013832749
101,101dy,0.0123278
62,62ek,0.010238757
289,289ps,0.009585905
133,133dn,0.007842341
50,50gr,0.00639206
159,159hy,0.005769551
189,189ek,0.005715836
133,133dg,0.005222635
31,31dn,0.004884923
189,189kr,0.004869249
92,92kt,0.004777121
158,158gn,0.004689314
189,189ks,0.004683144
160,160kr,0.004470855
155,155hy,0.004284836
196,196av,0.003976725
158,158kn,0.003877105
193,193ns,0.003644489
83,83ek,0.003613997
186,186gs,0.003555451
131,131ad,0.003542896
138,138as,0.003526642
242,242im,0.003388309
156,156kn,0.003328963
5,5eg,0.003234525
121,121nt,0.003224988
261,261qr,0.003187076
6,6ns,0.003186743
160,160kt,0.003164862
156,156hs,0.00316463
246,246ns,0.00315233
175,175dn,0.003136658
272,272av,0.003075757
220,220rv,0.002957132
140,140kr,0.002922497
196,196iv,0.002921899
50,50er,0.002851629
275,275dg,0.002681446
145,145ks,0.002600526
144,144gv,0.002585553
111,111il,0.002568758
273,273hp,0.002540262
78,78dg,0.002497551
119,119ek,0.00249627
46,46fs,0.002485511
135,135st,0.002454897
223,223iv,0.002438168
144,144nv,0.002401641
276,276kn,0.002321009
142,142eg,0.002281797
94,94fy,0.002248886
156,156hn,0.002247415
203,203it,0.002234557
144,144dv,0.002216042
217,217iv,0.002181168
50,50eg,0.00217171
138,138at,0.002124698
46,46st,0.002074131
262,262ns,0.002072405
163,163av,0.002056996
48,48kt,0.00205119
10,10mt,0.001990429
122,122nq,0.001987881
276,276en,0.001965068
112,112iv,0.001962944
122,122dn,0.001956962
192,192it,0.001852134
34,34iv,0.001840634
163,163ae,0.001808039
273,273ps,0.001779939
172,172de,0.001741573
117,117nt,0.00172714
158,158dn,0.001696899
82,82kr,0.001693164
299,299kr,0.001670928
193,193fs,0.001643849
142,142gk,0.001643787
142,142ek,0.001643386
164,164lq,0.001629725
173,173kn,0.001625805
172,172dg,0.001624531
145,145ns,0.001604175
190,190de,0.001585641
137,137sy,0.00158484
118,118lm,0.001563543
159,159sy,0.00151594
173,173kq,0.001506293
159,159fy,0.001466155
158,158en,0.001452656
38,38ns,0.001438341
107,107st,0.001429319
262,262gs,0.001429035
155,155ny,0.001415868
142,142gr,0.001391814
226,226iv,0.001385274
49,49gs,0.001376801
199,199ps,0.001374986
197,197qr,0.001361254
131,131at,0.001333704
311,311hq,0.001324762
3,3il,0.00132015
229,229iv,0.001287681
144,144iv,0.001271034
140,140ik,0.001265957
25,25ls,0.001256582
185,185pt,0.001248995
165,165ns,0.001239347
156,156hk,0.001232284
156,156ns,0.001215344
194,194il,0.001205665
53,53dn,0.001190793
45,45ns,0.001185848
155,155ht,0.001184316
82,82kt,0.001167304
82,82ek,0.001163139
189,189kn,0.001162393
57,57qr,0.001161801
227,227ps,0.001144831
53,53ns,0.001104002
229,229ir,0.001090903
186,186iv,0.001089083
9,9ns,0.001075313
106,106as,0.001071782
309,309iv,0.001060086
196,196tv,0.001057151
214,214it,0.000994102
155,155ty,0.000985175
214,214is,0.000980298
263,263eg,0.000947322
233,233hy,0.000946983
48,48at,0.000913036
150,150kr,0.000907212
78,78dn,0.000906634
188,188dn,0.000905792
183,183hl,0.000899985
126,126dn,0.000899289
135,135gt,0.000887826
182,182iv,0.000885243
56,56hy,0.000880539
186,186eg,0.000869448
124,124gs,0.000862316
173,173kr,0.000859549
88,88iv,0.000848796
138,138st,0.000837262
201,201ir,0.000832627
157,157ls,0.000811593
137,137ny,0.000795857
207,207kr,0.000788224
189,189rs,0.000784247
137,137hs,0.000782779
244,244fl,0.00077552
124,124ds,0.000769392
226,226iq,0.000765655
82,82kn,0.000753842
229,229gr,0.000753562
263,263gr,0.000750372
7,7dg,0.000742825
228,228gs,0.000737185
262,262st,0.000734504
263,263er,0.000732017
312,312kn,0.000725261
219,219fs,0.000723516
260,260im,0.000716233
312,312ns,0.000715248
11,11at,0.000714345
79,79fl,0.000707594
208,208rw,0.000692362
187,187st,0.000688958
307,307kr,0.000670876
193,193rs,0.000668742
328,328nt,0.000668178
196,196ai,0.000667024
106,106av,0.000661245
158,158ek,0.000660489
133,133ns,0.000660413
58,58iv,0.000660277
128,128nt,0.000653987
189,189nr,0.000652409
2,2kn,0.000651903
193,193sy,0.000651074
140,140ir,0.000647707
135,135as,0.000636324
149,149gs,0.000632585
212,212at,0.00063222
192,192at,0.000624394
239,239ps,0.000621033
198,198as,0.000607054
198,198ae,0.000606297
226,226il,0.000605127
82,82rt,0.000599418
155,155hn,0.000597806
167,167at,0.000590922
186,186sv,0.000589167
273,273hs,0.000577611
137,137hy,0.00057758
276,276ek,0.000574458
229,229rv,0.000572111
265,265gs,0.000571963
278,278kn,0.000571795
216,216ns,0.000571472
133,133gn,0.000569369
144,144ns,0.000563193
95,95ns,0.000562314
276,276kt,0.000561341
278,278ns,0.000559174
78,78de,0.000556171
3,3lr,0.000550209
201,201kr,0.000549107
203,203at,0.000549092
33,33qr,0.00054806
193,193ny,0.00054586
50,50kr,0.000544313
48,48it,0.000528644
225,225gn,0.000526089
159,159qs,0.000525901
131,131as,0.000521761
225,225dg,0.000520965
204,204iv,0.00051995
45,45gs,0.000512842
189,189er,0.000512207
168,168mv,0.000505891
124,124ns,0.00050324
279,279fs,0.000503139
157,157lm,0.000501621
159,159ny,0.000497762
128,128it,0.00049737
173,173nq,0.000493971
186,186gv,0.000489629
78,78eg,0.000488991
248,248it,0.000486688
189,189ns,0.000486404
213,213iv,0.000485492
193,193fn,0.000485065
144,144kn,0.000479404
275,275ds,0.00047785
133,133de,0.000476359
117,117st,0.000474415
199,199is,0.000472484
144,144av,0.000468664
143,143ps,0.000468051
142,142kr,0.000458342
146,146gs,0.000453399
135,135at,0.000450651
144,144kv,0.000449821
156,156nq,0.000438544
156,156ks,0.000433752
159,159fs,0.000430606
49,49dg,0.000429787
230,230iv,0.000429284
328,328it,0.000426532
128,128at,0.000426056
144,144ad,0.000417401
156,156hq,0.000415903
282,282it,0.000411682
124,124dg,0.00040308
199,199ip,0.00040276
192,192ai,0.000401861
114,114as,0.000400889
275,275gs,0.000394257
144,144sv,0.000392247
188,188de,0.000388354
142,142gs,0.000388342
7,7ds,0.000385545
282,282iv,0.000384776
220,220rs,0.000380264
210,210hq,0.00037905
144,144an,0.000377286
105,105hy,0.000375297
186,186is,0.000373583
137,137cs,0.000365911
227,227st,0.000364378
186,186ag,0.00036398
3,3fl,0.00036381
291,291dg,0.000362908
144,144de,0.000362816
124,124is,0.000355932
53,53ds,0.000354757
135,135gs,0.000353133
144,144ev,0.000351148
203,203ai,0.000350364
156,156ek,0.000349861
142,142er,0.000349831
54,54rs,0.000345374
83,83kn,0.000344877
144,144dn,0.000343687
208,208rs,0.000343416
304,304av,0.000342678
21,21ps,0.000336975
290,290hn,0.000336096
262,262nt,0.000332714
82,82ak,0.000332557
278,278ny,0.000332078
122,122dq,0.000329423
186,186as,0.000328562
225,225dn,0.000327371
121,121it,0.000324785
1,1qr,0.000323984
215,215ps,0.000322385
276,276nt,0.000320996
300,300iv,0.000319494
94,94hy,0.000318898
156,156kq,0.000318584
244,244lv,0.000318266
209,209ns,0.000313663
135,135et,0.000313503
160,160kq,0.000310566
131,131an,0.000304489
172,172eg,0.000302932
137,137rs,0.000298584
5,5gr,0.000297927
81,81dn,0.000295001
133,133ds,0.000293912
158,158de,0.000287758
179,179iv,0.000286499
262,262gn,0.000282676
220,220kr,0.000281183
173,173nr,0.000277108
137,137cy,0.000274616
54,54ns,0.000272453
226,226qv,0.000270573
96,96dn,0.000268885
273,273hq,0.000268709
135,135ag,0.000264466
193,193fy,0.000264252
51,51im,0.000262992
238,238kr,0.000262444
80,80kq,0.000260848
210,210qr,0.00026003
276,276ns,0.000259924
8,8dn,0.00025752
278,278dn,0.000255783
165,165kn,0.000255544
144,144in,0.000253119
259,259kq,0.000246784
159,159qy,0.000246272
121,121in,0.000240758
91,91ns,0.00023834
278,278sy,0.000236802
271,271dn,0.000234844
144,144ae,0.000231696
83,83en,0.000230338
264,264kr,0.000229054
199,199as,0.000226607
29,29il,0.000224713
159,159hs,0.00022453
7,7de,0.000222361
186,186av,0.000217681
6,6in,0.000217586
264,264kn,0.000215184
189,189kq,0.000214525
78,78gn,0.0002144
131,131ae,0.000213986
163,163at,0.000210888
47,47st,0.000210145
165,165en,0.000209452
198,198at,0.000206854
326,326kr,0.000205422
209,209gs,0.000205131
9,9rs,0.000198781
172,172dn,0.000196458
197,197hq,0.000194033
6,6gn,0.000191451
196,196at,0.000189098
248,248nt,0.000187512
287,287ns,0.000187489
193,193kn,0.000187227
142,142rs,0.000186372
124,124dn,0.000184958
6,6gs,0.000182671
189,189gs,0.000179599
142,142gn,0.000179072
131,131dt,0.000177399
25,25fl,0.000176918
158,158dg,0.000175387
159,159fq,0.000174409
280,280ae,0.000173265
124,124di,0.000170181
323,323iv,0.000169359
117,117ns,0.00016521
50,50ek,0.000164893
51,51il,0.000161651
135,135eg,0.000161399
144,144en,0.000160222
304,304at,0.000157381
112,112av,0.000155057
189,189es,0.00015494
201,201gr,0.00015051
75,75hl,0.000149991
224,224kr,0.0001492
156,156qs,0.000147043
31,31dg,0.000145274
82,82en,0.000143862
167,167nt,0.000143208
158,158gk,0.000142489
131,131st,0.000141624
137,137ns,0.000140885
186,186gi,0.00013849
310,310kr,0.000137099
276,276et,0.000134516
156,156eq,0.000133277
269,269kr,0.000130785
193,193fr,0.00012996
92,92kr,0.000126273
248,248in,0.000124015
48,48ai,0.000123691
193,193fk,0.000121419
137,137nr,0.000120245
158,158dk,0.000120201
69,69as,0.000119426
144,144ik,0.000119207
171,171kn,0.000117842
144,144dk,0.000111778
156,156kr,0.000111736
93,93at,0.000111692
133,133gs,0.000111468
159,159fn,0.000109516
196,196it,0.000107494
50,50gk,0.000106594
273,273pq,0.000106559
189,189gk,0.000103005
193,193nr,0.000102706
216,216dn,0.000101404
177,177lm,0.000100671
144,144gn,0.000100492
158,158eg,9.91E-05
278,278in,9.81E-05
246,246nt,9.70E-05
48,48ik,9.54E-05
276,276es,9.52E-05
156,156eh,9.44E-05
172,172en,9.29E-05
121,121kn,9.21E-05
122,122qt,8.99E-05
304,304ad,8.94E-05
128,128ai,8.77E-05
203,203iv,8.61E-05
131,131nt,8.40E-05
226,226lv,8.34E-05
173,173dk,8.14E-05
142,142ks,8.10E-05
3,3fi,7.80E-05
278,278ks,7.74E-05
208,208ks,7.73E-05
124,124gi,7.38E-05
78,78ds,7.04E-05
144,144dg,7.03E-05
273,273lp,6.98E-05
156,156en,6.95E-05
83,83eg,6.63E-05
144,144gi,6.62E-05
199,199ai,6.62E-05
62,62ik,6.62E-05
159,159hn,6.60E-05
31,31gn,6.55E-05
101,101df,6.43E-05
173,173qr,6.38E-05
137,137hr,6.25E-05
246,246st,6.24E-05
275,275de,6.15E-05
144,144di,6.07E-05
312,312ks,6.07E-05
160,160ak,5.81E-05
20,20gv,5.77E-05
8,8kn,5.76E-05
242,242iv,5.72E-05
124,124gn,5.69E-05
247,247rs,5.54E-05
214,214iv,5.50E-05
15,15lr,5.45E-05
229,229gi,5.40E-05
169,169lp,5.34E-05
276,276ks,5.30E-05
126,126nt,5.29E-05
214,214st,5.29E-05
208,208kr,5.24E-05
144,144ag,5.23E-05
144,144ks,5.13E-05
226,226lq,5.07E-05
281,281cf,5.02E-05
163,163ev,4.89E-05
83,83kt,4.85E-05
189,189nq,4.78E-05
159,159fh,4.77E-05
144,144eg,4.76E-05
122,122pq,4.70E-05
193,193ks,4.65E-05
57,57kr,4.65E-05
124,124dr,4.63E-05
48,48ak,4.62E-05
135,135gk,4.56E-05
208,208gs,4.51E-05
83,83et,4.49E-05
250,250dn,4.48E-05
279,279ls,4.37E-05
329,329kr,4.11E-05
142,142es,3.96E-05
193,193as,3.94E-05
172,172gn,3.93E-05
208,208gr,3.87E-05
207,207kq,3.77E-05
62,62ei,3.70E-05
133,133eg,3.47E-05
273,273hl,3.43E-05
227,227pt,3.43E-05
106,106sv,3.36E-05
292,292kr,3.31E-05
197,197kq,3.28E-05
2,2dn,3.25E-05
163,163et,3.08E-05
203,203tv,3.08E-05
137,137ch,3.08E-05
278,278ik,3.07E-05
101,101fy,3.00E-05
94,94fh,2.85E-05
159,159hq,2.83E-05
156,156hr,2.75E-05
189,189qr,2.73E-05
58,58il,2.69E-05
189,189gn,2.68E-05
78,78en,2.49E-05
25,25fi,2.46E-05
208,208ir,2.43E-05
135,135kt,2.42E-05
8,8ny,2.40E-05
223,223av,2.38E-05
193,193ry,2.38E-05
262,262gt,2.30E-05
6,6is,2.21E-05
144,144ek,2.19E-05
140,140kt,2.16E-05
275,275eg,2.13E-05
62,62kr,2.12E-05
278,278is,2.10E-05
21,21pq,2.08E-05
186,186ai,2.08E-05
92,92rt,2.03E-05
45,45gn,2.03E-05
160,160at,2.01E-05
302,302fy,1.99E-05
135,135es,1.95E-05
2,2dk,1.93E-05
160,160ar,1.90E-05
137,137fy,1.90E-05
220,220ir,1.85E-05
131,131ds,1.80E-05
131,131de,1.77E-05
144,144gk,1.74E-05
159,159ns,1.70E-05
137,137cn,1.65E-05
83,83gk,1.62E-05
327,327qr,1.59E-05
75,75lq,1.53E-05
189,189gr,1.52E-05
32,32de,1.48E-05
167,167tv,1.44E-05
208,208sw,1.40E-05
156,156es,1.34E-05
261,261kq,1.32E-05
171,171dn,1.32E-05
278,278dy,1.29E-05
3,3ir,1.27E-05
6,6nr,1.27E-05
273,273qs,1.24E-05
142,142nr,1.22E-05
144,144ds,1.15E-05
78,78gs,1.15E-05
189,189en,1.08E-05
25,25is,1.07E-05
140,140rt,1.06E-05
122,122nt,1.05E-05
137,137fn,1.04E-05
124,124gr,1.02E-05
133,133en,1.01E-05
198,198es,9.85E-06
142,142kn,9.83E-06
135,135ae,9.20E-06
131,131ns,9.12E-06
121,121kt,9.06E-06
82,82at,8.67E-06
199,199ap,8.55E-06
62,62ir,8.50E-06
278,278ky,8.41E-06
9,9nr,8.31E-06
45,45is,8.00E-06
57,57kq,7.90E-06
6,6rs,7.84E-06
131,131en,7.80E-06
124,124rs,7.22E-06
122,122np,7.08E-06
214,214tv,6.97E-06
156,156nr,6.81E-06
193,193an,6.73E-06
173,173dq,6.48E-06
260,260il,6.40E-06
278,278dk,5.82E-06
186,186es,5.79E-06
126,126dt,5.75E-06
261,261kr,5.11E-06
144,144ai,4.77E-06
137,137fs,4.60E-06
124,124ir,4.56E-06
193,193ay,4.50E-06
142,142en,4.33E-06
223,223ai,4.27E-06
144,144ak,4.14E-06
160,160qr,3.98E-06
135,135ak,3.85E-06
63,63dn,3.76E-06
6,6gr,3.75E-06
135,135ks,3.60E-06
193,193af,3.51E-06
173,173dn,3.35E-06
207,207qr,3.18E-06
137,137cr,3.03E-06
144,144ei,2.69E-06
137,137hn,2.17E-06
197,197kr,1.94E-06
160,160rt,1.93E-06
208,208is,1.65E-06
193,193kr,1.32E-06
156,156rs,1.15E-06
45,45in,1.08E-06
198,198st,9.70E-07
62,62er,7.18E-07
189,189qs,6.60E-07
156,156qr,5.22E-07
278,278ds,4.62E-07
260,260lm,3.19E-07
186,186ev,3.11E-07
156,156er,3.11E-07
159,159nq,1.90E-07
82,82nr,0
193,193ar,0
193,193ky,0
131,131dn,0
189,189eq,0
8,8dk,0
82,82ar,0
82,82nt,0
275,275es,0
78,78es,0
201,201gk,0
3,3fr,0
193,193ak,0
144,144is,0
165,165ek,0
82,82et,0
128,128an,0
49,49ds,0
186,186ei,0
122,122dt,0
197,197hr,0
208,208gw,0
46,46ft,0
276,276st,0
140,140it,0
273,273ls,0
112,112ai,0
189,189eg,0
160,160qt,0
216,216ds,0
58,58lv,0
259,259qr,0
144,144gs,0
6,6gi,0
131,131es,0
124,124nr,0
208,208gi,0
278,278di,0
122,122pt,0
137,137fh,0
189,189gq,0
83,83nt,0
210,210hr,0
244,244fv,0
186,186ae,0
45,45gi,0
137,137cf,0
83,83gn,0
144,144es,0
6,6ir,0
264,264nr,0
133,133es,0
188,188en,0
214,214sv,0
229,229gv,0
142,142ns,0
198,198et,0
220,220sv,0
220,220is,0
122,122dp,0
165,165es,0
220,220ks,0
8,8ky,0
278,278iy,0
167,167an,0
208,208gk,0
160,160aq,0
5,5er,0
157,157ms,0
163,163tv,0
144,144as,0
259,259kr,0
167,167av,0
21,21qs,0
131,131et,0
124,124in,0
83,83gt,0
121,121ik,0
273,273lq,0
54,54nr,0
279,279fl,0
135,135ek,0
137,137fr,0
155,155nt,0
82,82er,0
201,201ik,0
128,128in,0
282,282tv,0
203,203av,0
82,82ae,0
